,Unnamed: 0.2,Unnamed: 0.1,Unnamed: 0,case_id,num_classes,classes
392,392,392,392,case_2392,9,"[50, 53, 70, 116, 175, 197, 221, 223, 230]"
639,639,639,639,case_2639,20,"[24, 29, 50, 53, 85, 103, 113, 114, 116, 130, 146, 155, 175, 176, 180, 188, 223, 230, 242, 247]"
262,262,262,262,case_2262,20,"[24, 29, 50, 53, 85, 103, 113, 114, 116, 130, 146, 155, 175, 176, 180, 188, 223, 230, 242, 247]"
686,686,686,686,case_2686,20,"[24, 29, 50, 53, 85, 103, 113, 114, 116, 130, 146, 155, 175, 176, 180, 188, 223, 230, 242, 247]"
658,658,658,658,case_2658,21,"[24, 29, 50, 53, 63, 85, 97, 103, 114, 116, 130, 146, 153, 155, 175, 176, 180, 223, 230, 242, 247]"
672,672,672,672,case_2672,21,"[24, 29, 50, 53, 63, 85, 97, 103, 114, 116, 130, 146, 153, 155, 175, 176, 180, 223, 230, 242, 247]"
946,946,946,946,case_2946,21,"[24, 29, 50, 53, 63, 85, 97, 103, 114, 116, 130, 146, 153, 155, 175, 176, 180, 223, 230, 242, 247]"
687,687,687,687,case_2687,21,"[24, 29, 50, 53, 63, 85, 97, 103, 114, 116, 130, 146, 153, 155, 175, 176, 180, 223, 230, 242, 247]"
118,118,118,118,case_2118,21,"[24, 29, 50, 53, 63, 85, 97, 103, 114, 116, 130, 146, 153, 155, 175, 176, 180, 223, 230, 242, 247]"
490,490,490,490,case_2490,21,"[24, 41, 50, 53, 70, 85, 103, 112, 116, 130, 152, 155, 175, 180, 197, 204, 221, 223, 230, 238, 242]"
363,363,363,363,case_2363,21,"[24, 29, 50, 53, 63, 85, 97, 103, 114, 116, 130, 146, 153, 155, 175, 176, 180, 223, 230, 242, 247]"
354,354,354,354,case_2354,21,"[29, 41, 50, 53, 63, 70, 97, 103, 116, 130, 146, 153, 175, 180, 197, 221, 223, 230, 238, 242, 247]"
113,113,113,113,case_2113,21,"[24, 29, 50, 53, 63, 85, 97, 103, 114, 116, 130, 146, 153, 155, 175, 176, 180, 223, 230, 242, 247]"
554,554,554,554,case_2554,21,"[24, 29, 50, 53, 63, 85, 97, 103, 114, 116, 130, 146, 153, 155, 175, 176, 180, 223, 230, 242, 247]"
670,670,670,670,case_2670,21,"[24, 29, 50, 53, 63, 85, 97, 103, 114, 116, 130, 146, 153, 155, 175, 176, 180, 223, 230, 242, 247]"
644,644,644,644,case_2644,21,"[24, 29, 50, 53, 63, 85, 97, 103, 114, 116, 130, 146, 153, 155, 175, 176, 180, 223, 230, 242, 247]"
159,159,159,159,case_2159,21,"[24, 29, 50, 53, 63, 85, 97, 103, 114, 116, 130, 146, 153, 155, 175, 176, 180, 223, 230, 242, 247]"
238,238,238,238,case_2238,21,"[24, 29, 50, 53, 63, 85, 97, 103, 114, 116, 130, 146, 153, 155, 175, 176, 180, 223, 230, 242, 247]"
160,160,160,160,case_2160,21,"[24, 29, 50, 53, 63, 85, 97, 103, 114, 116, 130, 146, 153, 155, 175, 176, 180, 223, 230, 242, 247]"
81,81,81,81,case_2081,23,"[24, 29, 50, 53, 63, 85, 97, 103, 113, 114, 116, 130, 146, 153, 155, 175, 176, 180, 188, 223, 230, 242, 247]"
682,682,682,682,case_2682,23,"[24, 29, 50, 53, 63, 85, 97, 103, 113, 114, 116, 130, 146, 153, 155, 175, 176, 180, 188, 223, 230, 242, 247]"
90,90,90,90,case_2090,23,"[24, 29, 50, 53, 63, 85, 97, 103, 113, 114, 116, 130, 146, 153, 155, 175, 176, 180, 188, 223, 230, 242, 247]"
598,598,598,598,case_2598,23,"[24, 29, 50, 53, 70, 85, 103, 113, 114, 116, 130, 146, 155, 175, 176, 180, 188, 197, 221, 223, 230, 242, 247]"
684,684,684,684,case_2684,23,"[24, 29, 50, 53, 63, 85, 97, 103, 113, 114, 116, 130, 146, 153, 155, 175, 176, 180, 188, 223, 230, 242, 247]"
803,803,803,803,case_2803,23,"[24, 29, 50, 53, 63, 85, 97, 103, 113, 114, 116, 130, 146, 153, 155, 175, 176, 180, 188, 223, 230, 242, 247]"
1032,1032,1032,1032,case_5419,23,"[24, 29, 50, 53, 63, 85, 97, 103, 113, 114, 116, 130, 146, 153, 155, 175, 176, 180, 188, 223, 230, 242, 247]"
975,975,975,975,case_2975,23,"[24, 29, 50, 53, 63, 85, 97, 103, 113, 114, 116, 130, 146, 153, 155, 175, 176, 180, 188, 223, 230, 242, 247]"
42,42,42,42,case_2042,23,"[24, 29, 41, 50, 53, 63, 85, 97, 103, 114, 116, 130, 146, 153, 155, 175, 176, 180, 223, 230, 238, 242, 247]"
905,905,905,905,case_2905,23,"[24, 29, 50, 53, 63, 85, 97, 103, 113, 114, 116, 130, 146, 153, 155, 175, 176, 180, 188, 223, 230, 242, 247]"
965,965,965,965,case_2965,23,"[24, 41, 50, 53, 63, 70, 85, 97, 103, 113, 116, 130, 153, 155, 175, 180, 188, 197, 221, 223, 230, 238, 242]"
846,846,846,846,case_2846,23,"[24, 29, 50, 53, 63, 85, 97, 103, 113, 114, 116, 130, 146, 153, 155, 175, 176, 180, 188, 223, 230, 242, 247]"
888,888,888,888,case_2888,23,"[24, 29, 50, 53, 63, 85, 97, 103, 113, 114, 116, 130, 146, 153, 155, 175, 176, 180, 188, 223, 230, 242, 247]"
236,236,236,236,case_2236,23,"[24, 29, 50, 53, 63, 85, 97, 103, 113, 114, 116, 130, 146, 153, 155, 175, 176, 180, 188, 223, 230, 242, 247]"
264,264,264,264,case_2264,23,"[24, 29, 50, 53, 63, 85, 97, 103, 113, 114, 116, 130, 146, 153, 155, 175, 176, 180, 188, 223, 230, 242, 247]"
456,456,456,456,case_2456,23,"[24, 29, 50, 53, 63, 85, 97, 103, 113, 114, 116, 130, 146, 153, 155, 175, 176, 180, 188, 223, 230, 242, 247]"
557,557,557,557,case_2557,23,"[24, 29, 50, 53, 63, 85, 97, 103, 113, 114, 116, 130, 146, 153, 155, 175, 176, 180, 188, 223, 230, 242, 247]"
112,112,112,112,case_2112,23,"[24, 29, 41, 50, 53, 63, 85, 97, 103, 114, 116, 130, 146, 153, 155, 175, 176, 180, 223, 230, 238, 242, 247]"
660,660,660,660,case_2660,23,"[24, 29, 50, 53, 63, 85, 97, 103, 113, 114, 116, 130, 146, 153, 155, 175, 176, 180, 188, 223, 230, 242, 247]"
129,129,129,129,case_2129,23,"[24, 29, 50, 53, 63, 85, 97, 103, 113, 114, 116, 130, 146, 153, 155, 175, 176, 180, 188, 223, 230, 242, 247]"
136,136,136,136,case_2136,23,"[24, 29, 50, 53, 63, 85, 97, 103, 113, 114, 116, 130, 146, 153, 155, 175, 176, 180, 188, 223, 230, 242, 247]"
152,152,152,152,case_2152,23,"[24, 29, 50, 53, 63, 85, 97, 103, 113, 114, 116, 130, 146, 153, 155, 175, 176, 180, 188, 223, 230, 242, 247]"
162,162,162,162,case_2162,23,"[24, 29, 50, 53, 63, 85, 97, 103, 113, 114, 116, 130, 146, 153, 155, 175, 176, 180, 188, 223, 230, 242, 247]"
862,862,862,862,case_2862,24,"[24, 29, 50, 53, 63, 70, 85, 97, 103, 114, 116, 130, 146, 153, 155, 175, 176, 180, 197, 221, 223, 230, 242, 247]"
861,861,861,861,case_2861,24,"[24, 29, 50, 53, 63, 70, 85, 97, 103, 114, 116, 130, 146, 153, 155, 175, 176, 180, 197, 221, 223, 230, 242, 247]"
814,814,814,814,case_2814,24,"[24, 29, 50, 53, 63, 70, 85, 97, 103, 114, 116, 130, 146, 153, 155, 175, 176, 180, 197, 221, 223, 230, 242, 247]"
804,804,804,804,case_2804,24,"[24, 29, 50, 53, 63, 70, 85, 97, 103, 114, 116, 130, 146, 153, 155, 175, 176, 180, 197, 221, 223, 230, 242, 247]"
821,821,821,821,case_2821,24,"[24, 29, 50, 53, 63, 70, 85, 97, 103, 114, 116, 130, 146, 153, 155, 175, 176, 180, 197, 221, 223, 230, 242, 247]"
773,773,773,773,case_2773,24,"[24, 29, 50, 53, 63, 70, 85, 97, 103, 114, 116, 130, 146, 153, 155, 175, 176, 180, 197, 221, 223, 230, 242, 247]"
661,661,661,661,case_2661,24,"[24, 29, 50, 53, 63, 85, 97, 103, 112, 114, 116, 130, 146, 152, 153, 155, 175, 176, 180, 204, 223, 230, 242, 247]"
756,756,756,756,case_2756,24,"[24, 29, 50, 53, 63, 70, 85, 97, 103, 114, 116, 130, 146, 153, 155, 175, 176, 180, 197, 221, 223, 230, 242, 247]"
791,791,791,791,case_2791,24,"[24, 29, 50, 53, 63, 70, 85, 97, 103, 114, 116, 130, 146, 153, 155, 175, 176, 180, 197, 221, 223, 230, 242, 247]"
747,747,747,747,case_2747,24,"[24, 29, 50, 53, 63, 70, 85, 97, 103, 114, 116, 130, 146, 153, 155, 175, 176, 180, 197, 221, 223, 230, 242, 247]"
832,832,832,832,case_2832,24,"[24, 29, 50, 53, 63, 70, 85, 97, 103, 114, 116, 130, 146, 153, 155, 175, 176, 180, 197, 221, 223, 230, 242, 247]"
825,825,825,825,case_2825,24,"[24, 29, 50, 53, 63, 85, 97, 103, 112, 114, 116, 130, 146, 152, 153, 155, 175, 176, 180, 204, 223, 230, 242, 247]"
866,866,866,866,case_2866,24,"[24, 29, 50, 53, 63, 70, 85, 97, 103, 114, 116, 130, 146, 153, 155, 175, 176, 180, 197, 221, 223, 230, 242, 247]"
868,868,868,868,case_2868,24,"[24, 29, 50, 53, 63, 70, 85, 97, 103, 114, 116, 130, 146, 153, 155, 175, 176, 180, 197, 221, 223, 230, 242, 247]"
877,877,877,877,case_2877,24,"[24, 29, 50, 53, 63, 70, 85, 97, 103, 114, 116, 130, 146, 153, 155, 175, 176, 180, 197, 221, 223, 230, 242, 247]"
988,988,988,988,case_2988,24,"[24, 29, 50, 53, 63, 85, 97, 103, 112, 114, 116, 130, 146, 152, 153, 155, 175, 176, 180, 204, 223, 230, 242, 247]"
912,912,912,912,case_2912,24,"[24, 29, 50, 53, 63, 70, 85, 97, 103, 114, 116, 130, 146, 153, 155, 175, 176, 180, 197, 221, 223, 230, 242, 247]"
925,925,925,925,case_2925,24,"[24, 29, 50, 53, 63, 70, 85, 97, 103, 114, 116, 130, 146, 153, 155, 175, 176, 180, 197, 221, 223, 230, 242, 247]"
927,927,927,927,case_2927,24,"[24, 29, 50, 53, 63, 70, 85, 97, 103, 114, 116, 130, 146, 153, 155, 175, 176, 180, 197, 221, 223, 230, 242, 247]"
984,984,984,984,case_2984,24,"[24, 29, 50, 53, 63, 70, 85, 97, 103, 114, 116, 130, 146, 153, 155, 175, 176, 180, 197, 221, 223, 230, 242, 247]"
57,57,57,57,case_2057,24,"[24, 29, 50, 53, 63, 70, 85, 97, 103, 114, 116, 130, 146, 153, 155, 175, 176, 180, 197, 221, 223, 230, 242, 247]"
1033,1033,1033,1033,case_5693,24,"[24, 29, 50, 53, 63, 70, 85, 97, 103, 114, 116, 130, 146, 153, 155, 175, 176, 180, 197, 221, 223, 230, 242, 247]"
31,31,31,31,case_2031,24,"[24, 29, 50, 53, 63, 70, 85, 97, 103, 114, 116, 130, 146, 153, 155, 175, 176, 180, 197, 221, 223, 230, 242, 247]"
26,26,26,26,case_2026,24,"[24, 29, 50, 53, 63, 70, 85, 97, 103, 114, 116, 130, 146, 153, 155, 175, 176, 180, 197, 221, 223, 230, 242, 247]"
217,217,217,217,case_2217,24,"[24, 29, 50, 53, 63, 85, 97, 103, 112, 114, 116, 130, 146, 152, 153, 155, 175, 176, 180, 204, 223, 230, 242, 247]"
231,231,231,231,case_2231,24,"[24, 29, 50, 53, 63, 70, 85, 97, 103, 114, 116, 130, 146, 153, 155, 175, 176, 180, 197, 221, 223, 230, 242, 247]"
472,472,472,472,case_2472,24,"[24, 29, 50, 53, 63, 70, 85, 97, 103, 114, 116, 130, 146, 153, 155, 175, 176, 180, 197, 221, 223, 230, 242, 247]"
336,336,336,336,case_2336,24,"[24, 29, 50, 53, 63, 70, 85, 97, 103, 114, 116, 130, 146, 153, 155, 175, 176, 180, 197, 221, 223, 230, 242, 247]"
253,253,253,253,case_2253,24,"[24, 29, 50, 53, 63, 70, 85, 97, 103, 114, 116, 130, 146, 153, 155, 175, 176, 180, 197, 221, 223, 230, 242, 247]"
582,582,582,582,case_2582,24,"[24, 29, 50, 53, 63, 70, 85, 97, 103, 114, 116, 130, 146, 153, 155, 175, 176, 180, 197, 221, 223, 230, 242, 247]"
87,87,87,87,case_2087,24,"[24, 29, 50, 53, 63, 70, 85, 97, 103, 114, 116, 130, 146, 153, 155, 175, 176, 180, 197, 221, 223, 230, 242, 247]"
97,97,97,97,case_2097,24,"[24, 29, 50, 53, 63, 70, 85, 97, 103, 114, 116, 130, 146, 153, 155, 175, 176, 180, 197, 221, 223, 230, 242, 247]"
674,674,674,674,case_2674,24,"[24, 29, 50, 53, 63, 85, 97, 103, 112, 114, 116, 130, 146, 152, 153, 155, 175, 176, 180, 204, 223, 230, 242, 247]"
548,548,548,548,case_2548,24,"[24, 29, 50, 53, 63, 70, 85, 97, 103, 114, 116, 130, 146, 153, 155, 175, 176, 180, 197, 221, 223, 230, 242, 247]"
701,701,701,701,case_2701,24,"[24, 29, 50, 53, 63, 70, 85, 97, 103, 114, 116, 130, 146, 153, 155, 175, 176, 180, 197, 221, 223, 230, 242, 247]"
697,697,697,697,case_2697,24,"[24, 29, 50, 53, 63, 70, 85, 97, 103, 114, 116, 130, 146, 153, 155, 175, 176, 180, 197, 221, 223, 230, 242, 247]"
695,695,695,695,case_2695,24,"[24, 29, 50, 53, 63, 70, 85, 97, 103, 114, 116, 130, 146, 153, 155, 175, 176, 180, 197, 221, 223, 230, 242, 247]"
550,550,550,550,case_2550,24,"[24, 29, 50, 53, 63, 70, 85, 97, 103, 114, 116, 130, 146, 153, 155, 175, 176, 180, 197, 221, 223, 230, 242, 247]"
80,80,80,80,case_2080,24,"[24, 29, 50, 53, 63, 70, 85, 97, 103, 114, 116, 130, 146, 153, 155, 175, 176, 180, 197, 221, 223, 230, 242, 247]"
75,75,75,75,case_2075,24,"[24, 29, 50, 53, 63, 70, 85, 97, 103, 114, 116, 130, 146, 153, 155, 175, 176, 180, 197, 221, 223, 230, 242, 247]"
758,758,758,758,case_2758,24,"[24, 29, 50, 53, 63, 70, 85, 97, 103, 114, 116, 130, 146, 153, 155, 175, 176, 180, 197, 221, 223, 230, 242, 247]"
881,881,881,881,case_2881,24,"[24, 29, 50, 53, 63, 70, 85, 97, 103, 114, 116, 130, 146, 153, 155, 175, 176, 180, 197, 221, 223, 230, 242, 247]"
402,402,402,402,case_2402,24,"[24, 29, 50, 53, 63, 70, 85, 97, 103, 114, 116, 130, 146, 153, 155, 175, 176, 180, 197, 221, 223, 230, 242, 247]"
481,481,481,481,case_2481,24,"[24, 29, 50, 53, 63, 70, 85, 97, 103, 114, 116, 130, 146, 153, 155, 175, 176, 180, 197, 221, 223, 230, 242, 247]"
115,115,115,115,case_2115,24,"[24, 29, 50, 53, 63, 70, 85, 97, 103, 114, 116, 130, 146, 153, 155, 175, 176, 180, 197, 221, 223, 230, 242, 247]"
491,491,491,491,case_2491,24,"[24, 29, 50, 53, 63, 70, 85, 97, 103, 114, 116, 130, 146, 153, 155, 175, 176, 180, 197, 221, 223, 230, 242, 247]"
311,311,311,311,case_2311,24,"[24, 29, 50, 53, 63, 85, 97, 103, 112, 114, 116, 130, 146, 152, 153, 155, 175, 176, 180, 204, 223, 230, 242, 247]"
304,304,304,304,case_2304,24,"[24, 29, 50, 53, 63, 70, 85, 97, 103, 114, 116, 130, 146, 153, 155, 175, 176, 180, 197, 221, 223, 230, 242, 247]"
500,500,500,500,case_2500,24,"[24, 29, 50, 53, 63, 70, 85, 97, 103, 114, 116, 130, 146, 153, 155, 175, 176, 180, 197, 221, 223, 230, 242, 247]"
123,123,123,123,case_2123,24,"[24, 29, 50, 53, 63, 70, 85, 97, 103, 114, 116, 130, 146, 153, 155, 175, 176, 180, 197, 221, 223, 230, 242, 247]"
119,119,119,119,case_2119,24,"[24, 29, 50, 53, 63, 70, 85, 97, 103, 114, 116, 130, 146, 153, 155, 175, 176, 180, 197, 221, 223, 230, 242, 247]"
106,106,106,106,case_2106,24,"[24, 29, 50, 53, 63, 70, 85, 97, 103, 114, 116, 130, 146, 153, 155, 175, 176, 180, 197, 221, 223, 230, 242, 247]"
126,126,126,126,case_2126,24,"[24, 29, 50, 53, 63, 70, 85, 97, 103, 114, 116, 130, 146, 153, 155, 175, 176, 180, 197, 221, 223, 230, 242, 247]"
111,111,111,111,case_2111,24,"[24, 29, 50, 53, 63, 70, 85, 97, 103, 114, 116, 130, 146, 153, 155, 175, 176, 180, 197, 221, 223, 230, 242, 247]"
32,32,32,32,case_2032,24,"[24, 29, 50, 53, 63, 70, 85, 97, 103, 114, 116, 130, 146, 153, 155, 175, 176, 180, 197, 221, 223, 230, 242, 247]"
166,166,166,166,case_2166,24,"[24, 29, 50, 53, 63, 70, 85, 97, 103, 114, 116, 130, 146, 153, 155, 175, 176, 180, 197, 221, 223, 230, 242, 247]"
1026,1026,1026,1026,case_5325,24,"[24, 29, 50, 53, 63, 70, 85, 97, 103, 114, 116, 130, 146, 153, 155, 175, 176, 180, 197, 221, 223, 230, 242, 247]"
221,221,221,221,case_2221,24,"[24, 29, 50, 53, 63, 85, 97, 103, 112, 114, 116, 130, 146, 152, 153, 155, 175, 176, 180, 204, 223, 230, 242, 247]"
163,163,163,163,case_2163,24,"[24, 29, 50, 53, 63, 70, 85, 97, 103, 114, 116, 130, 146, 153, 155, 175, 176, 180, 197, 221, 223, 230, 242, 247]"
10,10,10,10,case_2010,24,"[24, 29, 50, 53, 63, 70, 85, 97, 103, 114, 116, 130, 146, 153, 155, 175, 176, 180, 197, 221, 223, 230, 242, 247]"
202,202,202,202,case_2202,24,"[24, 29, 50, 53, 63, 70, 85, 97, 103, 114, 116, 130, 146, 153, 155, 175, 176, 180, 197, 221, 223, 230, 242, 247]"
255,255,255,255,case_2255,24,"[24, 29, 50, 53, 63, 85, 97, 103, 112, 114, 116, 130, 146, 152, 153, 155, 175, 176, 180, 204, 223, 230, 242, 247]"
197,197,197,197,case_2197,24,"[24, 29, 50, 53, 63, 70, 85, 97, 103, 114, 116, 130, 146, 153, 155, 175, 176, 180, 197, 221, 223, 230, 242, 247]"
133,133,133,133,case_2133,24,"[24, 29, 50, 53, 63, 70, 85, 97, 103, 114, 116, 130, 146, 153, 155, 175, 176, 180, 197, 221, 223, 230, 242, 247]"
132,132,132,132,case_2132,24,"[24, 29, 50, 53, 63, 70, 85, 97, 103, 114, 116, 130, 146, 153, 155, 175, 176, 180, 197, 221, 223, 230, 242, 247]"
150,150,150,150,case_2150,24,"[24, 29, 50, 53, 63, 70, 85, 97, 103, 114, 116, 130, 146, 153, 155, 175, 176, 180, 197, 221, 223, 230, 242, 247]"
201,201,201,201,case_2201,24,"[24, 29, 50, 53, 63, 70, 85, 97, 103, 114, 116, 130, 146, 153, 155, 175, 176, 180, 197, 221, 223, 230, 242, 247]"
155,155,155,155,case_2155,24,"[24, 29, 50, 53, 63, 70, 85, 97, 103, 114, 116, 130, 146, 153, 155, 175, 176, 180, 197, 221, 223, 230, 242, 247]"
248,248,248,248,case_2248,24,"[24, 29, 50, 53, 63, 70, 85, 97, 103, 114, 116, 130, 146, 153, 155, 175, 176, 180, 197, 221, 223, 230, 242, 247]"
802,802,802,802,case_2802,25,"[24, 29, 41, 50, 53, 70, 85, 103, 113, 114, 116, 130, 146, 155, 175, 176, 180, 188, 197, 221, 223, 230, 238, 242, 247]"
673,673,673,673,case_2673,25,"[24, 29, 41, 50, 53, 63, 85, 97, 103, 113, 114, 116, 130, 146, 153, 155, 175, 176, 180, 188, 223, 230, 238, 242, 247]"
720,720,720,720,case_2720,25,"[24, 29, 41, 50, 53, 63, 85, 97, 103, 113, 114, 116, 130, 146, 153, 155, 175, 176, 180, 188, 223, 230, 238, 242, 247]"
721,721,721,721,case_2721,25,"[24, 29, 41, 50, 53, 63, 85, 97, 103, 113, 114, 116, 130, 146, 153, 155, 175, 176, 180, 188, 223, 230, 238, 242, 247]"
723,723,723,723,case_2723,25,"[24, 29, 41, 50, 53, 63, 85, 97, 103, 113, 114, 116, 130, 146, 153, 155, 175, 176, 180, 188, 223, 230, 238, 242, 247]"
83,83,83,83,case_2083,25,"[24, 29, 41, 50, 53, 63, 85, 97, 103, 113, 114, 116, 130, 146, 153, 155, 175, 176, 180, 188, 223, 230, 238, 242, 247]"
85,85,85,85,case_2085,25,"[24, 29, 41, 50, 53, 63, 85, 97, 103, 113, 114, 116, 130, 146, 153, 155, 175, 176, 180, 188, 223, 230, 238, 242, 247]"
520,520,520,520,case_2520,25,"[24, 29, 41, 50, 53, 63, 85, 97, 103, 113, 114, 116, 130, 146, 153, 155, 175, 176, 180, 188, 223, 230, 238, 242, 247]"
110,110,110,110,case_2110,25,"[24, 29, 41, 50, 53, 63, 85, 97, 103, 113, 114, 116, 130, 146, 153, 155, 175, 176, 180, 188, 223, 230, 238, 242, 247]"
127,127,127,127,case_2127,25,"[24, 29, 41, 50, 53, 63, 85, 97, 103, 113, 114, 116, 130, 146, 153, 155, 175, 176, 180, 188, 223, 230, 238, 242, 247]"
140,140,140,140,case_2140,25,"[24, 29, 41, 50, 53, 63, 85, 97, 103, 113, 114, 116, 130, 146, 153, 155, 175, 176, 180, 188, 223, 230, 238, 242, 247]"
141,141,141,141,case_2141,25,"[24, 29, 41, 50, 53, 63, 85, 97, 103, 113, 114, 116, 130, 146, 153, 155, 175, 176, 180, 188, 223, 230, 238, 242, 247]"
164,164,164,164,case_2164,25,"[24, 29, 41, 50, 53, 63, 85, 97, 103, 113, 114, 116, 130, 146, 153, 155, 175, 176, 180, 188, 223, 230, 238, 242, 247]"
998,998,998,998,case_2998,25,"[24, 29, 41, 50, 53, 63, 85, 97, 103, 113, 114, 116, 130, 146, 153, 155, 175, 176, 180, 188, 223, 230, 238, 242, 247]"
1008,1008,1008,1008,case_5051,26,"[24, 29, 50, 53, 63, 70, 85, 97, 103, 113, 114, 116, 130, 146, 153, 155, 175, 176, 180, 188, 197, 221, 223, 230, 242, 247]"
1009,1009,1009,1009,case_5057,26,"[24, 29, 50, 53, 63, 70, 85, 97, 103, 113, 114, 116, 130, 146, 153, 155, 175, 176, 180, 188, 197, 221, 223, 230, 242, 247]"
994,994,994,994,case_2994,26,"[24, 29, 41, 50, 53, 63, 70, 85, 97, 103, 114, 116, 130, 146, 153, 155, 175, 176, 180, 197, 221, 223, 230, 238, 242, 247]"
999,999,999,999,case_2999,26,"[24, 29, 41, 50, 53, 63, 70, 85, 97, 103, 114, 116, 130, 146, 153, 155, 175, 176, 180, 197, 221, 223, 230, 238, 242, 247]"
27,27,27,27,case_2027,26,"[24, 29, 41, 50, 53, 63, 70, 85, 97, 103, 114, 116, 130, 146, 153, 155, 175, 176, 180, 197, 221, 223, 230, 238, 242, 247]"
19,19,19,19,case_2019,26,"[24, 29, 50, 53, 63, 70, 85, 97, 103, 113, 114, 116, 130, 146, 153, 155, 175, 176, 180, 188, 197, 221, 223, 230, 242, 247]"
21,21,21,21,case_2021,26,"[24, 29, 41, 50, 53, 63, 70, 85, 97, 103, 114, 116, 130, 146, 153, 155, 175, 176, 180, 197, 221, 223, 230, 238, 242, 247]"
22,22,22,22,case_2022,26,"[24, 29, 41, 50, 53, 63, 70, 85, 97, 103, 114, 116, 130, 146, 153, 155, 175, 176, 180, 197, 221, 223, 230, 238, 242, 247]"
982,982,982,982,case_2982,26,"[24, 29, 41, 50, 53, 63, 70, 85, 97, 103, 114, 116, 130, 146, 153, 155, 175, 176, 180, 197, 221, 223, 230, 238, 242, 247]"
970,970,970,970,case_2970,26,"[24, 29, 50, 53, 63, 70, 85, 97, 103, 113, 114, 116, 130, 146, 153, 155, 175, 176, 180, 188, 197, 221, 223, 230, 242, 247]"
971,971,971,971,case_2971,26,"[24, 29, 50, 53, 63, 70, 85, 97, 103, 113, 114, 116, 130, 146, 153, 155, 175, 176, 180, 188, 197, 221, 223, 230, 242, 247]"
972,972,972,972,case_2972,26,"[24, 29, 50, 53, 63, 70, 85, 97, 103, 113, 114, 116, 130, 146, 153, 155, 175, 176, 180, 188, 197, 221, 223, 230, 242, 247]"
973,973,973,973,case_2973,26,"[24, 29, 50, 53, 63, 70, 85, 97, 103, 113, 114, 116, 130, 146, 153, 155, 175, 176, 180, 188, 197, 221, 223, 230, 242, 247]"
974,974,974,974,case_2974,26,"[24, 29, 50, 53, 63, 70, 85, 97, 103, 113, 114, 116, 130, 146, 153, 155, 175, 176, 180, 188, 197, 221, 223, 230, 242, 247]"
977,977,977,977,case_2977,26,"[24, 29, 50, 53, 63, 70, 85, 97, 103, 113, 114, 116, 130, 146, 153, 155, 175, 176, 180, 188, 197, 221, 223, 230, 242, 247]"
962,962,962,962,case_2962,26,"[24, 29, 50, 53, 63, 70, 85, 97, 103, 113, 114, 116, 130, 146, 153, 155, 175, 176, 180, 188, 197, 221, 223, 230, 242, 247]"
193,193,193,193,case_2193,26,"[24, 29, 41, 50, 53, 63, 70, 85, 97, 103, 114, 116, 130, 146, 153, 155, 175, 176, 180, 197, 221, 223, 230, 238, 242, 247]"
170,170,170,170,case_2170,26,"[24, 29, 50, 53, 63, 70, 85, 97, 103, 113, 114, 116, 130, 146, 153, 155, 175, 176, 180, 188, 197, 221, 223, 230, 242, 247]"
171,171,171,171,case_2171,26,"[24, 29, 50, 53, 63, 70, 85, 97, 103, 113, 114, 116, 130, 146, 153, 155, 175, 176, 180, 188, 197, 221, 223, 230, 242, 247]"
172,172,172,172,case_2172,26,"[24, 29, 50, 53, 63, 70, 85, 97, 103, 113, 114, 116, 130, 146, 153, 155, 175, 176, 180, 188, 197, 221, 223, 230, 242, 247]"
989,989,989,989,case_2989,26,"[24, 29, 41, 50, 53, 63, 70, 85, 97, 103, 114, 116, 130, 146, 153, 155, 175, 176, 180, 197, 221, 223, 230, 238, 242, 247]"
978,978,978,978,case_2978,26,"[24, 29, 50, 53, 63, 70, 85, 97, 103, 113, 114, 116, 130, 146, 153, 155, 175, 176, 180, 188, 197, 221, 223, 230, 242, 247]"
979,979,979,979,case_2979,26,"[24, 29, 50, 53, 63, 70, 85, 97, 103, 113, 114, 116, 130, 146, 153, 155, 175, 176, 180, 188, 197, 221, 223, 230, 242, 247]"
980,980,980,980,case_2980,26,"[24, 29, 50, 53, 63, 70, 85, 97, 103, 113, 114, 116, 130, 146, 153, 155, 175, 176, 180, 188, 197, 221, 223, 230, 242, 247]"
509,509,509,509,case_2509,26,"[24, 29, 50, 53, 63, 70, 85, 97, 103, 113, 114, 116, 130, 146, 153, 155, 175, 176, 180, 188, 197, 221, 223, 230, 242, 247]"
510,510,510,510,case_2510,26,"[24, 29, 50, 53, 63, 70, 85, 97, 103, 113, 114, 116, 130, 146, 153, 155, 175, 176, 180, 188, 197, 221, 223, 230, 242, 247]"
501,501,501,501,case_2501,26,"[24, 29, 50, 53, 63, 70, 85, 97, 103, 113, 114, 116, 130, 146, 153, 155, 175, 176, 180, 188, 197, 221, 223, 230, 242, 247]"
502,502,502,502,case_2502,26,"[24, 29, 50, 53, 63, 70, 85, 97, 103, 113, 114, 116, 130, 146, 153, 155, 175, 176, 180, 188, 197, 221, 223, 230, 242, 247]"
504,504,504,504,case_2504,26,"[24, 29, 50, 53, 63, 70, 85, 97, 103, 113, 114, 116, 130, 146, 153, 155, 175, 176, 180, 188, 197, 221, 223, 230, 242, 247]"
505,505,505,505,case_2505,26,"[24, 29, 50, 53, 63, 70, 85, 97, 103, 113, 114, 116, 130, 146, 153, 155, 175, 176, 180, 188, 197, 221, 223, 230, 242, 247]"
487,487,487,487,case_2487,26,"[24, 29, 50, 53, 63, 70, 85, 97, 103, 113, 114, 116, 130, 146, 153, 155, 175, 176, 180, 188, 197, 221, 223, 230, 242, 247]"
538,538,538,538,case_2538,26,"[24, 29, 50, 53, 63, 70, 85, 97, 103, 113, 114, 116, 130, 146, 153, 155, 175, 176, 180, 188, 197, 221, 223, 230, 242, 247]"
966,966,966,966,case_2966,26,"[24, 29, 50, 53, 63, 70, 85, 97, 103, 113, 114, 116, 130, 146, 153, 155, 175, 176, 180, 188, 197, 221, 223, 230, 242, 247]"
967,967,967,967,case_2967,26,"[24, 29, 50, 53, 63, 70, 85, 97, 103, 113, 114, 116, 130, 146, 153, 155, 175, 176, 180, 188, 197, 221, 223, 230, 242, 247]"
969,969,969,969,case_2969,26,"[24, 29, 50, 53, 63, 70, 85, 97, 103, 113, 114, 116, 130, 146, 153, 155, 175, 176, 180, 188, 197, 221, 223, 230, 242, 247]"
62,62,62,62,case_2062,26,"[24, 29, 50, 53, 63, 70, 85, 97, 103, 113, 114, 116, 130, 146, 153, 155, 175, 176, 180, 188, 197, 221, 223, 230, 242, 247]"
63,63,63,63,case_2063,26,"[24, 29, 50, 53, 63, 70, 85, 97, 103, 113, 114, 116, 130, 146, 153, 155, 175, 176, 180, 188, 197, 221, 223, 230, 242, 247]"
174,174,174,174,case_2174,26,"[24, 29, 41, 50, 53, 63, 70, 85, 97, 103, 114, 116, 130, 146, 153, 155, 175, 176, 180, 197, 221, 223, 230, 238, 242, 247]"
176,176,176,176,case_2176,26,"[24, 29, 50, 53, 63, 70, 85, 97, 103, 113, 114, 116, 130, 146, 153, 155, 175, 176, 180, 188, 197, 221, 223, 230, 242, 247]"
168,168,168,168,case_2168,26,"[24, 29, 50, 53, 63, 70, 85, 97, 103, 113, 114, 116, 130, 146, 153, 155, 175, 176, 180, 188, 197, 221, 223, 230, 242, 247]"
4,4,4,4,case_2004,26,"[24, 29, 50, 53, 63, 70, 85, 97, 103, 113, 114, 116, 130, 146, 153, 155, 175, 176, 180, 188, 197, 221, 223, 230, 242, 247]"
5,5,5,5,case_2005,26,"[24, 29, 50, 53, 63, 70, 85, 97, 103, 113, 114, 116, 130, 146, 153, 155, 175, 176, 180, 188, 197, 221, 223, 230, 242, 247]"
7,7,7,7,case_2007,26,"[24, 29, 50, 53, 63, 70, 85, 97, 103, 113, 114, 116, 130, 146, 153, 155, 175, 176, 180, 188, 197, 221, 223, 230, 242, 247]"
8,8,8,8,case_2008,26,"[24, 29, 50, 53, 63, 70, 85, 97, 103, 113, 114, 116, 130, 146, 153, 155, 175, 176, 180, 188, 197, 221, 223, 230, 242, 247]"
9,9,9,9,case_2009,26,"[24, 29, 50, 53, 63, 70, 85, 97, 103, 113, 114, 116, 130, 146, 153, 155, 175, 176, 180, 188, 197, 221, 223, 230, 242, 247]"
1029,1029,1029,1029,case_5335,26,"[24, 29, 50, 53, 63, 70, 85, 97, 103, 113, 114, 116, 130, 146, 153, 155, 175, 176, 180, 188, 197, 221, 223, 230, 242, 247]"
1027,1027,1027,1027,case_5329,26,"[24, 29, 41, 50, 53, 63, 70, 85, 97, 103, 114, 116, 130, 146, 153, 155, 175, 176, 180, 197, 221, 223, 230, 238, 242, 247]"
963,963,963,963,case_2963,26,"[24, 29, 50, 53, 63, 70, 85, 97, 103, 113, 114, 116, 130, 146, 153, 155, 175, 176, 180, 188, 197, 221, 223, 230, 242, 247]"
1010,1010,1010,1010,case_5058,26,"[24, 29, 50, 53, 63, 70, 85, 97, 103, 113, 114, 116, 130, 146, 153, 155, 175, 176, 180, 188, 197, 221, 223, 230, 242, 247]"
1011,1011,1011,1011,case_5063,26,"[24, 29, 50, 53, 63, 70, 85, 97, 103, 113, 114, 116, 130, 146, 153, 155, 175, 176, 180, 188, 197, 221, 223, 230, 242, 247]"
1012,1012,1012,1012,case_5072,26,"[24, 29, 50, 53, 63, 70, 85, 97, 103, 113, 114, 116, 130, 146, 153, 155, 175, 176, 180, 188, 197, 221, 223, 230, 242, 247]"
2,2,2,2,case_2002,26,"[24, 29, 50, 53, 63, 70, 85, 97, 103, 113, 114, 116, 130, 146, 153, 155, 175, 176, 180, 188, 197, 221, 223, 230, 242, 247]"
1035,1035,1035,1035,case_7764,26,"[24, 29, 50, 53, 63, 70, 85, 97, 103, 113, 114, 116, 130, 146, 153, 155, 175, 176, 180, 188, 197, 221, 223, 230, 242, 247]"
14,14,14,14,case_2014,26,"[24, 29, 50, 53, 63, 70, 85, 97, 103, 113, 114, 116, 130, 146, 153, 155, 175, 176, 180, 188, 197, 221, 223, 230, 242, 247]"
16,16,16,16,case_2016,26,"[24, 29, 50, 53, 63, 70, 85, 97, 103, 113, 114, 116, 130, 146, 153, 155, 175, 176, 180, 188, 197, 221, 223, 230, 242, 247]"
3,3,3,3,case_2003,26,"[24, 29, 50, 53, 63, 70, 85, 97, 103, 113, 114, 116, 130, 146, 153, 155, 175, 176, 180, 188, 197, 221, 223, 230, 242, 247]"
23,23,23,23,case_2023,26,"[24, 29, 41, 50, 53, 63, 70, 85, 97, 103, 114, 116, 130, 146, 153, 155, 175, 176, 180, 197, 221, 223, 230, 238, 242, 247]"
1019,1019,1019,1019,case_5304,26,"[24, 29, 50, 53, 63, 70, 85, 97, 103, 113, 114, 116, 130, 146, 153, 155, 175, 176, 180, 188, 197, 221, 223, 230, 242, 247]"
1020,1020,1020,1020,case_5305,26,"[24, 29, 50, 53, 63, 70, 85, 97, 103, 113, 114, 116, 130, 146, 153, 155, 175, 176, 180, 188, 197, 221, 223, 230, 242, 247]"
1021,1021,1021,1021,case_5309,26,"[24, 29, 50, 53, 63, 70, 85, 97, 103, 113, 114, 116, 130, 146, 153, 155, 175, 176, 180, 188, 197, 221, 223, 230, 242, 247]"
1022,1022,1022,1022,case_5315,26,"[24, 29, 50, 53, 63, 70, 85, 97, 103, 113, 114, 116, 130, 146, 153, 155, 175, 176, 180, 188, 197, 221, 223, 230, 242, 247]"
0,0,0,0,case_2000,26,"[24, 29, 50, 53, 63, 70, 85, 97, 103, 113, 114, 116, 130, 146, 153, 155, 175, 176, 180, 188, 197, 221, 223, 230, 242, 247]"
1024,1024,1024,1024,case_5317,26,"[24, 29, 50, 53, 63, 70, 85, 97, 103, 113, 114, 116, 130, 146, 153, 155, 175, 176, 180, 188, 197, 221, 223, 230, 242, 247]"
1025,1025,1025,1025,case_5319,26,"[24, 29, 41, 50, 53, 63, 70, 85, 97, 103, 114, 116, 130, 146, 153, 155, 175, 176, 180, 197, 221, 223, 230, 238, 242, 247]"
685,685,685,685,case_2685,26,"[24, 29, 50, 53, 63, 70, 85, 97, 103, 113, 114, 116, 130, 146, 153, 155, 175, 176, 180, 188, 197, 221, 223, 230, 242, 247]"
688,688,688,688,case_2688,26,"[24, 29, 50, 53, 63, 70, 85, 97, 103, 113, 114, 116, 130, 146, 153, 155, 175, 176, 180, 188, 197, 221, 223, 230, 242, 247]"
755,755,755,755,case_2755,26,"[24, 29, 41, 50, 53, 63, 70, 85, 97, 103, 114, 116, 130, 146, 153, 155, 175, 176, 180, 197, 221, 223, 230, 238, 242, 247]"
757,757,757,757,case_2757,26,"[24, 29, 41, 50, 53, 63, 70, 85, 97, 103, 114, 116, 130, 146, 153, 155, 175, 176, 180, 197, 221, 223, 230, 238, 242, 247]"
759,759,759,759,case_2759,26,"[24, 29, 41, 50, 53, 63, 70, 85, 97, 103, 114, 116, 130, 146, 153, 155, 175, 176, 180, 197, 221, 223, 230, 238, 242, 247]"
753,753,753,753,case_2753,26,"[24, 29, 50, 53, 63, 70, 85, 97, 103, 113, 114, 116, 130, 146, 153, 155, 175, 176, 180, 188, 197, 221, 223, 230, 242, 247]"
738,738,738,738,case_2738,26,"[24, 29, 41, 50, 53, 63, 70, 85, 97, 103, 114, 116, 130, 146, 153, 155, 175, 176, 180, 197, 221, 223, 230, 238, 242, 247]"
745,745,745,745,case_2745,26,"[24, 29, 41, 50, 53, 63, 70, 85, 97, 103, 114, 116, 130, 146, 153, 155, 175, 176, 180, 197, 221, 223, 230, 238, 242, 247]"
252,252,252,252,case_2252,26,"[24, 29, 50, 53, 63, 70, 85, 97, 103, 113, 114, 116, 130, 146, 153, 155, 175, 176, 180, 188, 197, 221, 223, 230, 242, 247]"
243,243,243,243,case_2243,26,"[24, 29, 50, 53, 63, 70, 85, 97, 103, 113, 114, 116, 130, 146, 153, 155, 175, 176, 180, 188, 197, 221, 223, 230, 242, 247]"
234,234,234,234,case_2234,26,"[24, 29, 41, 50, 53, 63, 70, 85, 97, 103, 114, 116, 130, 146, 153, 155, 175, 176, 180, 197, 221, 223, 230, 238, 242, 247]"
235,235,235,235,case_2235,26,"[24, 29, 41, 50, 53, 63, 70, 85, 97, 103, 114, 116, 130, 146, 153, 155, 175, 176, 180, 197, 221, 223, 230, 238, 242, 247]"
700,700,700,700,case_2700,26,"[24, 29, 41, 50, 53, 63, 70, 85, 97, 103, 114, 116, 130, 146, 153, 155, 175, 176, 180, 197, 221, 223, 230, 238, 242, 247]"
702,702,702,702,case_2702,26,"[24, 29, 41, 50, 53, 63, 70, 85, 97, 103, 114, 116, 130, 146, 153, 155, 175, 176, 180, 197, 221, 223, 230, 238, 242, 247]"
694,694,694,694,case_2694,26,"[24, 29, 41, 50, 53, 63, 70, 85, 97, 103, 114, 116, 130, 146, 153, 155, 175, 176, 180, 197, 221, 223, 230, 238, 242, 247]"
683,683,683,683,case_2683,26,"[24, 29, 50, 53, 63, 70, 85, 97, 103, 113, 114, 116, 130, 146, 153, 155, 175, 176, 180, 188, 197, 221, 223, 230, 242, 247]"
147,147,147,147,case_2147,26,"[24, 29, 50, 53, 63, 70, 85, 97, 103, 113, 114, 116, 130, 146, 153, 155, 175, 176, 180, 188, 197, 221, 223, 230, 242, 247]"
149,149,149,149,case_2149,26,"[24, 29, 50, 53, 63, 70, 85, 97, 103, 113, 114, 116, 130, 146, 153, 155, 175, 176, 180, 188, 197, 221, 223, 230, 242, 247]"
151,151,151,151,case_2151,26,"[24, 29, 50, 53, 63, 70, 85, 97, 103, 113, 114, 116, 130, 146, 153, 155, 175, 176, 180, 188, 197, 221, 223, 230, 242, 247]"
153,153,153,153,case_2153,26,"[24, 29, 50, 53, 63, 70, 85, 97, 103, 113, 114, 116, 130, 146, 153, 155, 175, 176, 180, 188, 197, 221, 223, 230, 242, 247]"
138,138,138,138,case_2138,26,"[24, 29, 50, 53, 63, 70, 85, 97, 103, 113, 114, 116, 130, 146, 153, 155, 175, 176, 180, 188, 197, 221, 223, 230, 242, 247]"
145,145,145,145,case_2145,26,"[24, 29, 50, 53, 63, 70, 85, 97, 103, 113, 114, 116, 130, 146, 153, 155, 175, 176, 180, 188, 197, 221, 223, 230, 242, 247]"
137,137,137,137,case_2137,26,"[24, 29, 50, 53, 63, 70, 85, 97, 103, 113, 114, 116, 130, 146, 153, 155, 175, 176, 180, 188, 197, 221, 223, 230, 242, 247]"
251,251,251,251,case_2251,26,"[24, 29, 50, 53, 63, 70, 85, 97, 103, 113, 114, 116, 130, 146, 153, 155, 175, 176, 180, 188, 197, 221, 223, 230, 242, 247]"
66,66,66,66,case_2066,26,"[24, 29, 50, 53, 63, 70, 85, 97, 103, 113, 114, 116, 130, 146, 153, 155, 175, 176, 180, 188, 197, 221, 223, 230, 242, 247]"
69,69,69,69,case_2069,26,"[24, 29, 41, 50, 53, 63, 70, 85, 97, 103, 114, 116, 130, 146, 153, 155, 175, 176, 180, 197, 221, 223, 230, 238, 242, 247]"
73,73,73,73,case_2073,26,"[24, 29, 41, 50, 53, 63, 70, 85, 97, 103, 114, 116, 130, 146, 153, 155, 175, 176, 180, 197, 221, 223, 230, 238, 242, 247]"
731,731,731,731,case_2731,26,"[24, 29, 50, 53, 63, 85, 97, 103, 112, 113, 114, 116, 130, 146, 152, 153, 155, 175, 176, 180, 188, 204, 223, 230, 242, 247]"
735,735,735,735,case_2735,26,"[24, 29, 41, 50, 53, 63, 70, 85, 97, 103, 114, 116, 130, 146, 153, 155, 175, 176, 180, 197, 221, 223, 230, 238, 242, 247]"
737,737,737,737,case_2737,26,"[24, 29, 50, 53, 63, 70, 85, 97, 103, 113, 114, 116, 130, 146, 153, 155, 175, 176, 180, 188, 197, 221, 223, 230, 242, 247]"
156,156,156,156,case_2156,26,"[24, 29, 50, 53, 63, 70, 85, 97, 103, 113, 114, 116, 130, 146, 153, 155, 175, 176, 180, 188, 197, 221, 223, 230, 242, 247]"
146,146,146,146,case_2146,26,"[24, 29, 41, 50, 53, 63, 70, 85, 97, 103, 114, 116, 130, 146, 153, 155, 175, 176, 180, 197, 221, 223, 230, 238, 242, 247]"
987,987,987,987,case_2987,26,"[24, 29, 50, 53, 63, 70, 85, 97, 103, 113, 114, 116, 130, 146, 153, 155, 175, 176, 180, 188, 197, 221, 223, 230, 242, 247]"
278,278,278,278,case_2278,26,"[24, 29, 50, 53, 63, 70, 85, 97, 103, 113, 114, 116, 130, 146, 153, 155, 175, 176, 180, 188, 197, 221, 223, 230, 242, 247]"
279,279,279,279,case_2279,26,"[24, 29, 50, 53, 63, 70, 85, 97, 103, 113, 114, 116, 130, 146, 153, 155, 175, 176, 180, 188, 197, 221, 223, 230, 242, 247]"
280,280,280,280,case_2280,26,"[24, 29, 50, 53, 63, 70, 85, 97, 103, 113, 114, 116, 130, 146, 153, 155, 175, 176, 180, 188, 197, 221, 223, 230, 242, 247]"
266,266,266,266,case_2266,26,"[24, 29, 50, 53, 63, 70, 85, 97, 103, 113, 114, 116, 130, 146, 153, 155, 175, 176, 180, 188, 197, 221, 223, 230, 242, 247]"
269,269,269,269,case_2269,26,"[24, 29, 50, 53, 63, 70, 85, 97, 103, 113, 114, 116, 130, 146, 153, 155, 175, 176, 180, 188, 197, 221, 223, 230, 242, 247]"
270,270,270,270,case_2270,26,"[24, 29, 50, 53, 63, 70, 85, 97, 103, 113, 114, 116, 130, 146, 153, 155, 175, 176, 180, 188, 197, 221, 223, 230, 242, 247]"
271,271,271,271,case_2271,26,"[24, 29, 50, 53, 63, 70, 85, 97, 103, 113, 114, 116, 130, 146, 153, 155, 175, 176, 180, 188, 197, 221, 223, 230, 242, 247]"
948,948,948,948,case_2948,26,"[24, 29, 50, 53, 63, 70, 85, 97, 103, 113, 114, 116, 130, 146, 153, 155, 175, 176, 180, 188, 197, 221, 223, 230, 242, 247]"
949,949,949,949,case_2949,26,"[24, 29, 50, 53, 63, 70, 85, 97, 103, 113, 114, 116, 130, 146, 153, 155, 175, 176, 180, 188, 197, 221, 223, 230, 242, 247]"
951,951,951,951,case_2951,26,"[24, 29, 50, 53, 63, 70, 85, 97, 103, 113, 114, 116, 130, 146, 153, 155, 175, 176, 180, 188, 197, 221, 223, 230, 242, 247]"
952,952,952,952,case_2952,26,"[24, 29, 50, 53, 63, 70, 85, 97, 103, 113, 114, 116, 130, 146, 153, 155, 175, 176, 180, 188, 197, 221, 223, 230, 242, 247]"
944,944,944,944,case_2944,26,"[24, 29, 41, 50, 53, 63, 70, 85, 97, 103, 114, 116, 130, 146, 153, 155, 175, 176, 180, 197, 221, 223, 230, 238, 242, 247]"
930,930,930,930,case_2930,26,"[24, 29, 41, 50, 53, 63, 70, 85, 97, 103, 114, 116, 130, 146, 153, 155, 175, 176, 180, 197, 221, 223, 230, 238, 242, 247]"
935,935,935,935,case_2935,26,"[24, 29, 41, 50, 53, 63, 70, 85, 97, 103, 114, 116, 130, 146, 153, 155, 175, 176, 180, 197, 221, 223, 230, 238, 242, 247]"
986,986,986,986,case_2986,26,"[24, 29, 41, 50, 53, 63, 70, 85, 97, 103, 114, 116, 130, 146, 153, 155, 175, 176, 180, 197, 221, 223, 230, 238, 242, 247]"
277,277,277,277,case_2277,26,"[24, 29, 50, 53, 63, 70, 85, 97, 103, 113, 114, 116, 130, 146, 153, 155, 175, 176, 180, 188, 197, 221, 223, 230, 242, 247]"
955,955,955,955,case_2955,26,"[24, 29, 50, 53, 63, 70, 85, 97, 103, 113, 114, 116, 130, 146, 153, 155, 175, 176, 180, 188, 197, 221, 223, 230, 242, 247]"
956,956,956,956,case_2956,26,"[24, 29, 50, 53, 63, 70, 85, 97, 103, 113, 114, 116, 130, 146, 153, 155, 175, 176, 180, 188, 197, 221, 223, 230, 242, 247]"
958,958,958,958,case_2958,26,"[24, 29, 50, 53, 63, 70, 85, 97, 103, 113, 114, 116, 130, 146, 153, 155, 175, 176, 180, 188, 197, 221, 223, 230, 242, 247]"
959,959,959,959,case_2959,26,"[24, 29, 50, 53, 63, 70, 85, 97, 103, 113, 114, 116, 130, 146, 153, 155, 175, 176, 180, 188, 197, 221, 223, 230, 242, 247]"
960,960,960,960,case_2960,26,"[24, 29, 50, 53, 63, 70, 85, 97, 103, 113, 114, 116, 130, 146, 153, 155, 175, 176, 180, 188, 197, 221, 223, 230, 242, 247]"
961,961,961,961,case_2961,26,"[24, 29, 50, 53, 63, 70, 85, 97, 103, 113, 114, 116, 130, 146, 153, 155, 175, 176, 180, 188, 197, 221, 223, 230, 242, 247]"
947,947,947,947,case_2947,26,"[24, 29, 50, 53, 63, 70, 85, 97, 103, 113, 114, 116, 130, 146, 153, 155, 175, 176, 180, 188, 197, 221, 223, 230, 242, 247]"
794,794,794,794,case_2794,26,"[24, 29, 50, 53, 63, 70, 85, 97, 103, 113, 114, 116, 130, 146, 153, 155, 175, 176, 180, 188, 197, 221, 223, 230, 242, 247]"
795,795,795,795,case_2795,26,"[24, 29, 50, 53, 63, 70, 85, 97, 103, 113, 114, 116, 130, 146, 153, 155, 175, 176, 180, 188, 197, 221, 223, 230, 242, 247]"
232,232,232,232,case_2232,26,"[24, 29, 50, 53, 63, 70, 85, 97, 103, 113, 114, 116, 130, 146, 153, 155, 175, 176, 180, 188, 197, 221, 223, 230, 242, 247]"
282,282,282,282,case_2282,26,"[24, 29, 50, 53, 63, 70, 85, 97, 103, 113, 114, 116, 130, 146, 153, 155, 175, 176, 180, 188, 197, 221, 223, 230, 242, 247]"
284,284,284,284,case_2284,26,"[24, 29, 50, 53, 63, 70, 85, 97, 103, 113, 114, 116, 130, 146, 153, 155, 175, 176, 180, 188, 197, 221, 223, 230, 242, 247]"
274,274,274,274,case_2274,26,"[24, 29, 50, 53, 63, 70, 85, 97, 103, 113, 114, 116, 130, 146, 153, 155, 175, 176, 180, 188, 197, 221, 223, 230, 242, 247]"
275,275,275,275,case_2275,26,"[24, 29, 50, 53, 63, 70, 85, 97, 103, 113, 114, 116, 130, 146, 153, 155, 175, 176, 180, 188, 197, 221, 223, 230, 242, 247]"
276,276,276,276,case_2276,26,"[24, 29, 50, 53, 63, 70, 85, 97, 103, 113, 114, 116, 130, 146, 153, 155, 175, 176, 180, 188, 197, 221, 223, 230, 242, 247]"
921,921,921,921,case_2921,26,"[24, 29, 41, 50, 53, 63, 70, 85, 97, 103, 114, 116, 130, 146, 153, 155, 175, 176, 180, 197, 221, 223, 230, 238, 242, 247]"
906,906,906,906,case_2906,26,"[24, 29, 50, 53, 63, 70, 85, 97, 103, 113, 114, 116, 130, 146, 153, 155, 175, 176, 180, 188, 197, 221, 223, 230, 242, 247]"
898,898,898,898,case_2898,26,"[24, 29, 50, 53, 63, 70, 85, 97, 103, 113, 114, 116, 130, 146, 153, 155, 175, 176, 180, 188, 197, 221, 223, 230, 242, 247]"
899,899,899,899,case_2899,26,"[24, 29, 50, 53, 63, 70, 85, 97, 103, 113, 114, 116, 130, 146, 153, 155, 175, 176, 180, 188, 197, 221, 223, 230, 242, 247]"
900,900,900,900,case_2900,26,"[24, 29, 50, 53, 63, 70, 85, 97, 103, 113, 114, 116, 130, 146, 153, 155, 175, 176, 180, 188, 197, 221, 223, 230, 242, 247]"
901,901,901,901,case_2901,26,"[24, 29, 50, 53, 63, 70, 85, 97, 103, 113, 114, 116, 130, 146, 153, 155, 175, 176, 180, 188, 197, 221, 223, 230, 242, 247]"
903,903,903,903,case_2903,26,"[24, 29, 50, 53, 63, 70, 85, 97, 103, 113, 114, 116, 130, 146, 153, 155, 175, 176, 180, 188, 197, 221, 223, 230, 242, 247]"
904,904,904,904,case_2904,26,"[24, 29, 50, 53, 63, 70, 85, 97, 103, 113, 114, 116, 130, 146, 153, 155, 175, 176, 180, 188, 197, 221, 223, 230, 242, 247]"
622,622,622,622,case_2622,26,"[24, 29, 50, 53, 63, 85, 97, 103, 112, 113, 114, 116, 130, 146, 152, 153, 155, 175, 176, 180, 188, 204, 223, 230, 242, 247]"
623,623,623,623,case_2623,26,"[24, 29, 50, 53, 63, 70, 85, 97, 103, 113, 114, 116, 130, 146, 153, 155, 175, 176, 180, 188, 197, 221, 223, 230, 242, 247]"
610,610,610,610,case_2610,26,"[24, 29, 50, 53, 63, 70, 85, 97, 103, 113, 114, 116, 130, 146, 153, 155, 175, 176, 180, 188, 197, 221, 223, 230, 242, 247]"
614,614,614,614,case_2614,26,"[24, 29, 50, 53, 63, 70, 85, 97, 103, 113, 114, 116, 130, 146, 153, 155, 175, 176, 180, 188, 197, 221, 223, 230, 242, 247]"
616,616,616,616,case_2616,26,"[24, 29, 50, 53, 63, 70, 85, 97, 103, 113, 114, 116, 130, 146, 153, 155, 175, 176, 180, 188, 197, 221, 223, 230, 242, 247]"
617,617,617,617,case_2617,26,"[24, 29, 50, 53, 63, 70, 85, 97, 103, 113, 114, 116, 130, 146, 153, 155, 175, 176, 180, 188, 197, 221, 223, 230, 242, 247]"
659,659,659,659,case_2659,26,"[24, 29, 50, 53, 63, 85, 97, 103, 112, 113, 114, 116, 130, 146, 152, 153, 155, 175, 176, 180, 188, 204, 223, 230, 242, 247]"
651,651,651,651,case_2651,26,"[24, 29, 41, 50, 53, 63, 70, 85, 97, 103, 114, 116, 130, 146, 153, 155, 175, 176, 180, 197, 221, 223, 230, 238, 242, 247]"
926,926,926,926,case_2926,26,"[24, 29, 41, 50, 53, 63, 70, 85, 97, 103, 114, 116, 130, 146, 153, 155, 175, 176, 180, 197, 221, 223, 230, 238, 242, 247]"
914,914,914,914,case_2914,26,"[24, 29, 50, 53, 63, 70, 85, 97, 103, 113, 114, 116, 130, 146, 153, 155, 175, 176, 180, 188, 197, 221, 223, 230, 242, 247]"
915,915,915,915,case_2915,26,"[24, 29, 41, 50, 53, 63, 70, 85, 97, 103, 114, 116, 130, 146, 153, 155, 175, 176, 180, 197, 221, 223, 230, 238, 242, 247]"
916,916,916,916,case_2916,26,"[24, 29, 41, 50, 53, 63, 70, 85, 97, 103, 114, 116, 130, 146, 153, 155, 175, 176, 180, 197, 221, 223, 230, 238, 242, 247]"
833,833,833,833,case_2833,26,"[24, 29, 41, 50, 53, 63, 70, 85, 97, 103, 114, 116, 130, 146, 153, 155, 175, 176, 180, 197, 221, 223, 230, 238, 242, 247]"
819,819,819,819,case_2819,26,"[24, 29, 50, 53, 63, 70, 85, 97, 103, 113, 114, 116, 130, 146, 153, 155, 175, 176, 180, 188, 197, 221, 223, 230, 242, 247]"
618,618,618,618,case_2618,26,"[24, 29, 50, 53, 63, 70, 85, 97, 103, 113, 114, 116, 130, 146, 153, 155, 175, 176, 180, 188, 197, 221, 223, 230, 242, 247]"
619,619,619,619,case_2619,26,"[24, 29, 41, 50, 53, 63, 70, 85, 97, 103, 114, 116, 130, 146, 153, 155, 175, 176, 180, 197, 221, 223, 230, 238, 242, 247]"
272,272,272,272,case_2272,26,"[24, 29, 50, 53, 63, 70, 85, 97, 103, 113, 114, 116, 130, 146, 153, 155, 175, 176, 180, 188, 197, 221, 223, 230, 242, 247]"
273,273,273,273,case_2273,26,"[24, 29, 50, 53, 63, 70, 85, 97, 103, 113, 114, 116, 130, 146, 153, 155, 175, 176, 180, 188, 197, 221, 223, 230, 242, 247]"
260,260,260,260,case_2260,26,"[24, 29, 50, 53, 63, 70, 85, 97, 103, 113, 114, 116, 130, 146, 153, 155, 175, 176, 180, 188, 197, 221, 223, 230, 242, 247]"
317,317,317,317,case_2317,26,"[24, 29, 50, 53, 63, 70, 85, 97, 103, 113, 114, 116, 130, 146, 153, 155, 175, 176, 180, 188, 197, 221, 223, 230, 242, 247]"
318,318,318,318,case_2318,26,"[24, 29, 41, 50, 53, 63, 70, 85, 97, 103, 114, 116, 130, 146, 153, 155, 175, 176, 180, 197, 221, 223, 230, 238, 242, 247]"
320,320,320,320,case_2320,26,"[24, 29, 50, 53, 63, 70, 85, 97, 103, 113, 114, 116, 130, 146, 153, 155, 175, 176, 180, 188, 197, 221, 223, 230, 242, 247]"
321,321,321,321,case_2321,26,"[24, 29, 50, 53, 63, 70, 85, 97, 103, 113, 114, 116, 130, 146, 153, 155, 175, 176, 180, 188, 197, 221, 223, 230, 242, 247]"
922,922,922,922,case_2922,26,"[24, 29, 41, 50, 53, 63, 70, 85, 97, 103, 114, 116, 130, 146, 153, 155, 175, 176, 180, 197, 221, 223, 230, 238, 242, 247]"
565,565,565,565,case_2565,26,"[24, 29, 41, 50, 53, 63, 70, 85, 97, 103, 114, 116, 130, 146, 153, 155, 175, 176, 180, 197, 221, 223, 230, 238, 242, 247]"
567,567,567,567,case_2567,26,"[24, 29, 41, 50, 53, 63, 70, 85, 97, 103, 114, 116, 130, 146, 153, 155, 175, 176, 180, 197, 221, 223, 230, 238, 242, 247]"
568,568,568,568,case_2568,26,"[24, 29, 41, 50, 53, 63, 70, 85, 97, 103, 114, 116, 130, 146, 153, 155, 175, 176, 180, 197, 221, 223, 230, 238, 242, 247]"
559,559,559,559,case_2559,26,"[24, 29, 50, 53, 63, 70, 85, 97, 103, 113, 114, 116, 130, 146, 153, 155, 175, 176, 180, 188, 197, 221, 223, 230, 242, 247]"
546,546,546,546,case_2546,26,"[24, 29, 41, 50, 53, 63, 70, 85, 97, 103, 114, 116, 130, 146, 153, 155, 175, 176, 180, 197, 221, 223, 230, 238, 242, 247]"
549,549,549,549,case_2549,26,"[24, 29, 50, 53, 63, 70, 85, 97, 103, 113, 114, 116, 130, 146, 153, 155, 175, 176, 180, 188, 197, 221, 223, 230, 242, 247]"
602,602,602,602,case_2602,26,"[24, 29, 50, 53, 63, 70, 85, 97, 103, 113, 114, 116, 130, 146, 153, 155, 175, 176, 180, 188, 197, 221, 223, 230, 242, 247]"
603,603,603,603,case_2603,26,"[24, 29, 50, 53, 63, 70, 85, 97, 103, 113, 114, 116, 130, 146, 153, 155, 175, 176, 180, 188, 197, 221, 223, 230, 242, 247]"
778,778,778,778,case_2778,26,"[24, 29, 50, 53, 63, 70, 85, 97, 103, 113, 114, 116, 130, 146, 153, 155, 175, 176, 180, 188, 197, 221, 223, 230, 242, 247]"
780,780,780,780,case_2780,26,"[24, 29, 41, 50, 53, 63, 70, 85, 97, 103, 114, 116, 130, 146, 153, 155, 175, 176, 180, 197, 221, 223, 230, 238, 242, 247]"
783,783,783,783,case_2783,26,"[24, 29, 50, 53, 63, 70, 85, 97, 103, 113, 114, 116, 130, 146, 153, 155, 175, 176, 180, 188, 197, 221, 223, 230, 242, 247]"
784,784,784,784,case_2784,26,"[24, 29, 50, 53, 63, 70, 85, 97, 103, 113, 114, 116, 130, 146, 153, 155, 175, 176, 180, 188, 197, 221, 223, 230, 242, 247]"
785,785,785,785,case_2785,26,"[24, 29, 50, 53, 63, 70, 85, 97, 103, 113, 114, 116, 130, 146, 153, 155, 175, 176, 180, 188, 197, 221, 223, 230, 242, 247]"
776,776,776,776,case_2776,26,"[24, 29, 41, 50, 53, 63, 70, 85, 97, 103, 114, 116, 130, 146, 153, 155, 175, 176, 180, 197, 221, 223, 230, 238, 242, 247]"
847,847,847,847,case_2847,26,"[24, 29, 50, 53, 63, 70, 85, 97, 103, 113, 114, 116, 130, 146, 153, 155, 175, 176, 180, 188, 197, 221, 223, 230, 242, 247]"
849,849,849,849,case_2849,26,"[24, 29, 50, 53, 63, 70, 85, 97, 103, 113, 114, 116, 130, 146, 153, 155, 175, 176, 180, 188, 197, 221, 223, 230, 242, 247]"
589,589,589,589,case_2589,26,"[24, 29, 50, 53, 63, 70, 85, 97, 103, 113, 114, 116, 130, 146, 153, 155, 175, 176, 180, 188, 197, 221, 223, 230, 242, 247]"
590,590,590,590,case_2590,26,"[24, 29, 50, 53, 63, 70, 85, 97, 103, 113, 114, 116, 130, 146, 153, 155, 175, 176, 180, 188, 197, 221, 223, 230, 242, 247]"
591,591,591,591,case_2591,26,"[24, 29, 50, 53, 63, 70, 85, 97, 103, 113, 114, 116, 130, 146, 153, 155, 175, 176, 180, 188, 197, 221, 223, 230, 242, 247]"
592,592,592,592,case_2592,26,"[24, 29, 50, 53, 63, 70, 85, 97, 103, 113, 114, 116, 130, 146, 153, 155, 175, 176, 180, 188, 197, 221, 223, 230, 242, 247]"
629,629,629,629,case_2629,26,"[24, 29, 50, 53, 63, 70, 85, 97, 103, 113, 114, 116, 130, 146, 153, 155, 175, 176, 180, 188, 197, 221, 223, 230, 242, 247]"
631,631,631,631,case_2631,26,"[24, 29, 50, 53, 70, 85, 103, 112, 113, 114, 116, 130, 146, 152, 155, 175, 176, 180, 188, 197, 204, 221, 223, 230, 242, 247]"
790,790,790,790,case_2790,26,"[24, 29, 50, 53, 63, 70, 85, 97, 103, 113, 114, 116, 130, 146, 153, 155, 175, 176, 180, 188, 197, 221, 223, 230, 242, 247]"
792,792,792,792,case_2792,26,"[24, 29, 50, 53, 63, 70, 85, 97, 103, 113, 114, 116, 130, 146, 153, 155, 175, 176, 180, 188, 197, 221, 223, 230, 242, 247]"
954,954,954,954,case_2954,26,"[24, 29, 50, 53, 63, 70, 85, 97, 103, 113, 114, 116, 130, 146, 153, 155, 175, 176, 180, 188, 197, 221, 223, 230, 242, 247]"
299,299,299,299,case_2299,26,"[24, 29, 41, 50, 53, 63, 70, 85, 97, 103, 114, 116, 130, 146, 153, 155, 175, 176, 180, 197, 221, 223, 230, 238, 242, 247]"
300,300,300,300,case_2300,26,"[24, 29, 41, 50, 53, 63, 70, 85, 97, 103, 114, 116, 130, 146, 153, 155, 175, 176, 180, 197, 221, 223, 230, 238, 242, 247]"
301,301,301,301,case_2301,26,"[24, 29, 50, 53, 63, 70, 85, 97, 103, 113, 114, 116, 130, 146, 153, 155, 175, 176, 180, 188, 197, 221, 223, 230, 242, 247]"
292,292,292,292,case_2292,26,"[24, 29, 41, 50, 53, 63, 70, 85, 97, 103, 114, 116, 130, 146, 153, 155, 175, 176, 180, 197, 221, 223, 230, 238, 242, 247]"
293,293,293,293,case_2293,26,"[24, 29, 50, 53, 63, 70, 85, 97, 103, 113, 114, 116, 130, 146, 153, 155, 175, 176, 180, 188, 197, 221, 223, 230, 242, 247]"
350,350,350,350,case_2350,26,"[24, 29, 50, 53, 63, 70, 85, 97, 103, 113, 114, 116, 130, 146, 153, 155, 175, 176, 180, 188, 197, 221, 223, 230, 242, 247]"
339,339,339,339,case_2339,26,"[24, 29, 41, 50, 53, 63, 70, 85, 97, 103, 114, 116, 130, 146, 153, 155, 175, 176, 180, 197, 221, 223, 230, 238, 242, 247]"
382,382,382,382,case_2382,26,"[24, 29, 50, 53, 63, 70, 85, 97, 103, 113, 114, 116, 130, 146, 153, 155, 175, 176, 180, 188, 197, 221, 223, 230, 242, 247]"
383,383,383,383,case_2383,26,"[24, 29, 50, 53, 63, 70, 85, 97, 103, 113, 114, 116, 130, 146, 153, 155, 175, 176, 180, 188, 197, 221, 223, 230, 242, 247]"
384,384,384,384,case_2384,26,"[24, 29, 50, 53, 63, 70, 85, 97, 103, 113, 114, 116, 130, 146, 153, 155, 175, 176, 180, 188, 197, 221, 223, 230, 242, 247]"
385,385,385,385,case_2385,26,"[24, 29, 50, 53, 63, 70, 85, 97, 103, 113, 114, 116, 130, 146, 153, 155, 175, 176, 180, 188, 197, 221, 223, 230, 242, 247]"
362,362,362,362,case_2362,26,"[24, 29, 50, 53, 63, 70, 85, 97, 103, 113, 114, 116, 130, 146, 153, 155, 175, 176, 180, 188, 197, 221, 223, 230, 242, 247]"
366,366,366,366,case_2366,26,"[24, 29, 50, 53, 63, 85, 97, 103, 112, 113, 114, 116, 130, 146, 152, 153, 155, 175, 176, 180, 188, 204, 223, 230, 242, 247]"
360,360,360,360,case_2360,26,"[24, 29, 50, 53, 63, 70, 85, 97, 103, 113, 114, 116, 130, 146, 153, 155, 175, 176, 180, 188, 197, 221, 223, 230, 242, 247]"
410,410,410,410,case_2410,26,"[24, 29, 41, 50, 53, 63, 70, 85, 97, 103, 114, 116, 130, 146, 153, 155, 175, 176, 180, 197, 221, 223, 230, 238, 242, 247]"
322,322,322,322,case_2322,26,"[24, 29, 50, 53, 63, 70, 85, 97, 103, 113, 114, 116, 130, 146, 153, 155, 175, 176, 180, 188, 197, 221, 223, 230, 242, 247]"
323,323,323,323,case_2323,26,"[24, 29, 50, 53, 63, 70, 85, 97, 103, 113, 114, 116, 130, 146, 153, 155, 175, 176, 180, 188, 197, 221, 223, 230, 242, 247]"
324,324,324,324,case_2324,26,"[24, 29, 50, 53, 63, 70, 85, 97, 103, 113, 114, 116, 130, 146, 153, 155, 175, 176, 180, 188, 197, 221, 223, 230, 242, 247]"
325,325,325,325,case_2325,26,"[24, 29, 50, 53, 63, 70, 85, 97, 103, 113, 114, 116, 130, 146, 153, 155, 175, 176, 180, 188, 197, 221, 223, 230, 242, 247]"
328,328,328,328,case_2328,26,"[24, 29, 50, 53, 63, 70, 85, 97, 103, 113, 114, 116, 130, 146, 153, 155, 175, 176, 180, 188, 197, 221, 223, 230, 242, 247]"
378,378,378,378,case_2378,26,"[24, 29, 50, 53, 63, 85, 97, 103, 112, 113, 114, 116, 130, 146, 152, 153, 155, 175, 176, 180, 188, 204, 223, 230, 242, 247]"
380,380,380,380,case_2380,26,"[24, 29, 50, 53, 63, 70, 85, 97, 103, 113, 114, 116, 130, 146, 153, 155, 175, 176, 180, 188, 197, 221, 223, 230, 242, 247]"
381,381,381,381,case_2381,26,"[24, 29, 50, 53, 63, 70, 85, 97, 103, 113, 114, 116, 130, 146, 153, 155, 175, 176, 180, 188, 197, 221, 223, 230, 242, 247]"
341,341,341,341,case_2341,26,"[24, 29, 50, 53, 63, 70, 85, 97, 103, 113, 114, 116, 130, 146, 153, 155, 175, 176, 180, 188, 197, 221, 223, 230, 242, 247]"
344,344,344,344,case_2344,26,"[24, 29, 50, 53, 63, 70, 85, 97, 103, 113, 114, 116, 130, 146, 153, 155, 175, 176, 180, 188, 197, 221, 223, 230, 242, 247]"
345,345,345,345,case_2345,26,"[24, 29, 50, 53, 63, 70, 85, 97, 103, 113, 114, 116, 130, 146, 153, 155, 175, 176, 180, 188, 197, 221, 223, 230, 242, 247]"
330,330,330,330,case_2330,26,"[24, 29, 50, 53, 63, 70, 85, 97, 103, 113, 114, 116, 130, 146, 153, 155, 175, 176, 180, 188, 197, 221, 223, 230, 242, 247]"
332,332,332,332,case_2332,26,"[24, 29, 50, 53, 63, 70, 85, 97, 103, 113, 114, 116, 130, 146, 153, 155, 175, 176, 180, 188, 197, 221, 223, 230, 242, 247]"
333,333,333,333,case_2333,26,"[24, 29, 50, 53, 63, 70, 85, 97, 103, 113, 114, 116, 130, 146, 153, 155, 175, 176, 180, 188, 197, 221, 223, 230, 242, 247]"
334,334,334,334,case_2334,26,"[24, 29, 50, 53, 63, 70, 85, 97, 103, 113, 114, 116, 130, 146, 153, 155, 175, 176, 180, 188, 197, 221, 223, 230, 242, 247]"
337,337,337,337,case_2337,26,"[24, 29, 41, 50, 53, 63, 70, 85, 97, 103, 114, 116, 130, 146, 153, 155, 175, 176, 180, 197, 221, 223, 230, 238, 242, 247]"
608,608,608,608,case_2608,26,"[24, 29, 50, 53, 63, 70, 85, 97, 103, 113, 114, 116, 130, 146, 153, 155, 175, 176, 180, 188, 197, 221, 223, 230, 242, 247]"
594,594,594,594,case_2594,26,"[24, 29, 50, 53, 63, 70, 85, 97, 103, 113, 114, 116, 130, 146, 153, 155, 175, 176, 180, 188, 197, 221, 223, 230, 242, 247]"
595,595,595,595,case_2595,26,"[24, 29, 50, 53, 63, 70, 85, 97, 103, 113, 114, 116, 130, 146, 153, 155, 175, 176, 180, 188, 197, 221, 223, 230, 242, 247]"
596,596,596,596,case_2596,26,"[24, 29, 50, 53, 63, 70, 85, 97, 103, 113, 114, 116, 130, 146, 153, 155, 175, 176, 180, 188, 197, 221, 223, 230, 242, 247]"
597,597,597,597,case_2597,26,"[24, 29, 50, 53, 63, 70, 85, 97, 103, 113, 114, 116, 130, 146, 153, 155, 175, 176, 180, 188, 197, 221, 223, 230, 242, 247]"
599,599,599,599,case_2599,26,"[24, 29, 50, 53, 63, 70, 85, 97, 103, 113, 114, 116, 130, 146, 153, 155, 175, 176, 180, 188, 197, 221, 223, 230, 242, 247]"
600,600,600,600,case_2600,26,"[24, 29, 50, 53, 63, 70, 85, 97, 103, 113, 114, 116, 130, 146, 153, 155, 175, 176, 180, 188, 197, 221, 223, 230, 242, 247]"
601,601,601,601,case_2601,26,"[24, 29, 50, 53, 63, 70, 85, 97, 103, 113, 114, 116, 130, 146, 153, 155, 175, 176, 180, 188, 197, 221, 223, 230, 242, 247]"
530,530,530,530,case_2530,26,"[24, 29, 50, 53, 63, 70, 85, 97, 103, 113, 114, 116, 130, 146, 153, 155, 175, 176, 180, 188, 197, 221, 223, 230, 242, 247]"
531,531,531,531,case_2531,26,"[24, 29, 50, 53, 63, 70, 85, 97, 103, 113, 114, 116, 130, 146, 153, 155, 175, 176, 180, 188, 197, 221, 223, 230, 242, 247]"
532,532,532,532,case_2532,26,"[24, 29, 50, 53, 63, 70, 85, 97, 103, 113, 114, 116, 130, 146, 153, 155, 175, 176, 180, 188, 197, 221, 223, 230, 242, 247]"
533,533,533,533,case_2533,26,"[24, 29, 50, 53, 63, 70, 85, 97, 103, 113, 114, 116, 130, 146, 153, 155, 175, 176, 180, 188, 197, 221, 223, 230, 242, 247]"
534,534,534,534,case_2534,26,"[24, 29, 50, 53, 63, 70, 85, 97, 103, 113, 114, 116, 130, 146, 153, 155, 175, 176, 180, 188, 197, 221, 223, 230, 242, 247]"
535,535,535,535,case_2535,26,"[24, 29, 50, 53, 63, 70, 85, 97, 103, 113, 114, 116, 130, 146, 153, 155, 175, 176, 180, 188, 197, 221, 223, 230, 242, 247]"
536,536,536,536,case_2536,26,"[24, 29, 50, 53, 63, 70, 85, 97, 103, 113, 114, 116, 130, 146, 153, 155, 175, 176, 180, 188, 197, 221, 223, 230, 242, 247]"
524,524,524,524,case_2524,26,"[24, 29, 50, 53, 63, 70, 85, 97, 103, 113, 114, 116, 130, 146, 153, 155, 175, 176, 180, 188, 197, 221, 223, 230, 242, 247]"
817,817,817,817,case_2817,26,"[24, 29, 41, 50, 53, 63, 70, 85, 97, 103, 114, 116, 130, 146, 153, 155, 175, 176, 180, 197, 221, 223, 230, 238, 242, 247]"
809,809,809,809,case_2809,26,"[24, 29, 41, 50, 53, 63, 70, 85, 97, 103, 114, 116, 130, 146, 153, 155, 175, 176, 180, 197, 221, 223, 230, 238, 242, 247]"
864,864,864,864,case_2864,26,"[24, 29, 41, 50, 53, 63, 70, 85, 97, 103, 114, 116, 130, 146, 153, 155, 175, 176, 180, 197, 221, 223, 230, 238, 242, 247]"
855,855,855,855,case_2855,26,"[24, 29, 41, 50, 53, 63, 70, 85, 97, 103, 114, 116, 130, 146, 153, 155, 175, 176, 180, 197, 221, 223, 230, 238, 242, 247]"
856,856,856,856,case_2856,26,"[24, 29, 41, 50, 53, 63, 70, 85, 97, 103, 114, 116, 130, 146, 153, 155, 175, 176, 180, 197, 221, 223, 230, 238, 242, 247]"
539,539,539,539,case_2539,26,"[24, 29, 41, 50, 53, 63, 70, 85, 97, 103, 114, 116, 130, 146, 153, 155, 175, 176, 180, 197, 221, 223, 230, 238, 242, 247]"
542,542,542,542,case_2542,26,"[24, 29, 41, 50, 53, 63, 70, 85, 97, 103, 114, 116, 130, 146, 153, 155, 175, 176, 180, 197, 221, 223, 230, 238, 242, 247]"
543,543,543,543,case_2543,26,"[24, 29, 41, 50, 53, 63, 70, 85, 97, 103, 114, 116, 130, 146, 153, 155, 175, 176, 180, 197, 221, 223, 230, 238, 242, 247]"
386,386,386,386,case_2386,26,"[24, 29, 50, 53, 63, 70, 85, 97, 103, 113, 114, 116, 130, 146, 153, 155, 175, 176, 180, 188, 197, 221, 223, 230, 242, 247]"
387,387,387,387,case_2387,26,"[24, 29, 50, 53, 63, 70, 85, 97, 103, 113, 114, 116, 130, 146, 153, 155, 175, 176, 180, 188, 197, 221, 223, 230, 242, 247]"
120,120,120,120,case_2120,26,"[24, 29, 41, 50, 53, 63, 70, 85, 97, 103, 114, 116, 130, 146, 153, 155, 175, 176, 180, 197, 221, 223, 230, 238, 242, 247]"
107,107,107,107,case_2107,26,"[24, 29, 50, 53, 63, 70, 85, 97, 103, 113, 114, 116, 130, 146, 153, 155, 175, 176, 180, 188, 197, 221, 223, 230, 242, 247]"
99,99,99,99,case_2099,26,"[24, 29, 50, 53, 63, 70, 85, 97, 103, 113, 114, 116, 130, 146, 153, 155, 175, 176, 180, 188, 197, 221, 223, 230, 242, 247]"
104,104,104,104,case_2104,26,"[24, 29, 50, 53, 63, 70, 85, 97, 103, 113, 114, 116, 130, 146, 153, 155, 175, 176, 180, 188, 197, 221, 223, 230, 242, 247]"
576,576,576,576,case_2576,26,"[24, 29, 41, 50, 53, 63, 70, 85, 97, 103, 114, 116, 130, 146, 153, 155, 175, 176, 180, 197, 221, 223, 230, 238, 242, 247]"
813,813,813,813,case_2813,26,"[24, 29, 41, 50, 53, 63, 70, 85, 97, 103, 114, 116, 130, 146, 153, 155, 175, 176, 180, 197, 221, 223, 230, 238, 242, 247]"
414,414,414,414,case_2414,26,"[24, 29, 41, 50, 53, 63, 70, 85, 97, 103, 114, 116, 130, 146, 153, 155, 175, 176, 180, 197, 221, 223, 230, 238, 242, 247]"
416,416,416,416,case_2416,26,"[24, 29, 50, 53, 63, 70, 85, 97, 103, 113, 114, 116, 130, 146, 153, 155, 175, 176, 180, 188, 197, 221, 223, 230, 242, 247]"
403,403,403,403,case_2403,26,"[24, 29, 41, 50, 53, 63, 70, 85, 97, 103, 114, 116, 130, 146, 153, 155, 175, 176, 180, 197, 221, 223, 230, 238, 242, 247]"
407,407,407,407,case_2407,26,"[24, 29, 50, 53, 63, 70, 85, 97, 103, 113, 114, 116, 130, 146, 153, 155, 175, 176, 180, 188, 197, 221, 223, 230, 242, 247]"
394,394,394,394,case_2394,26,"[24, 29, 50, 53, 63, 70, 85, 97, 103, 113, 114, 116, 130, 146, 153, 155, 175, 176, 180, 188, 197, 221, 223, 230, 242, 247]"
395,395,395,395,case_2395,26,"[24, 29, 50, 53, 63, 70, 85, 97, 103, 113, 114, 116, 130, 146, 153, 155, 175, 176, 180, 188, 197, 221, 223, 230, 242, 247]"
396,396,396,396,case_2396,26,"[24, 29, 50, 53, 63, 70, 85, 97, 103, 113, 114, 116, 130, 146, 153, 155, 175, 176, 180, 188, 197, 221, 223, 230, 242, 247]"
397,397,397,397,case_2397,26,"[24, 29, 50, 53, 63, 70, 85, 97, 103, 113, 114, 116, 130, 146, 153, 155, 175, 176, 180, 188, 197, 221, 223, 230, 242, 247]"
420,420,420,420,case_2420,26,"[24, 29, 41, 50, 53, 63, 70, 85, 97, 103, 114, 116, 130, 146, 153, 155, 175, 176, 180, 197, 221, 223, 230, 238, 242, 247]"
476,476,476,476,case_2476,26,"[24, 29, 50, 53, 63, 70, 85, 97, 103, 113, 114, 116, 130, 146, 153, 155, 175, 176, 180, 188, 197, 221, 223, 230, 242, 247]"
477,477,477,477,case_2477,26,"[24, 29, 50, 53, 63, 70, 85, 97, 103, 113, 114, 116, 130, 146, 153, 155, 175, 176, 180, 188, 197, 221, 223, 230, 242, 247]"
467,467,467,467,case_2467,26,"[24, 29, 50, 53, 63, 70, 85, 97, 103, 113, 114, 116, 130, 146, 153, 155, 175, 176, 180, 188, 197, 221, 223, 230, 242, 247]"
470,470,470,470,case_2470,26,"[24, 29, 50, 53, 63, 70, 85, 97, 103, 113, 114, 116, 130, 146, 153, 155, 175, 176, 180, 188, 197, 221, 223, 230, 242, 247]"
458,458,458,458,case_2458,26,"[24, 29, 50, 53, 63, 70, 85, 97, 103, 113, 114, 116, 130, 146, 153, 155, 175, 176, 180, 188, 197, 221, 223, 230, 242, 247]"
461,461,461,461,case_2461,26,"[24, 29, 50, 53, 63, 70, 85, 97, 103, 113, 114, 116, 130, 146, 153, 155, 175, 176, 180, 188, 197, 221, 223, 230, 242, 247]"
463,463,463,463,case_2463,26,"[24, 29, 50, 53, 63, 70, 85, 97, 103, 113, 114, 116, 130, 146, 153, 155, 175, 176, 180, 188, 197, 221, 223, 230, 242, 247]"
434,434,434,434,case_2434,26,"[24, 29, 41, 50, 53, 63, 70, 85, 97, 103, 114, 116, 130, 146, 153, 155, 175, 176, 180, 197, 221, 223, 230, 238, 242, 247]"
437,437,437,437,case_2437,26,"[24, 29, 41, 50, 53, 63, 70, 85, 97, 103, 114, 116, 130, 146, 153, 155, 175, 176, 180, 197, 221, 223, 230, 238, 242, 247]"
438,438,438,438,case_2438,26,"[24, 29, 50, 53, 63, 70, 85, 97, 103, 113, 114, 116, 130, 146, 153, 155, 175, 176, 180, 188, 197, 221, 223, 230, 242, 247]"
428,428,428,428,case_2428,26,"[24, 29, 41, 50, 53, 63, 70, 85, 97, 103, 114, 116, 130, 146, 153, 155, 175, 176, 180, 197, 221, 223, 230, 238, 242, 247]"
429,429,429,429,case_2429,26,"[24, 29, 50, 53, 63, 70, 85, 97, 103, 113, 114, 116, 130, 146, 153, 155, 175, 176, 180, 188, 197, 221, 223, 230, 242, 247]"
431,431,431,431,case_2431,26,"[24, 29, 50, 53, 63, 70, 85, 97, 103, 113, 114, 116, 130, 146, 153, 155, 175, 176, 180, 188, 197, 221, 223, 230, 242, 247]"
432,432,432,432,case_2432,26,"[24, 29, 41, 50, 53, 63, 70, 85, 97, 103, 114, 116, 130, 146, 153, 155, 175, 176, 180, 197, 221, 223, 230, 238, 242, 247]"
419,419,419,419,case_2419,26,"[24, 29, 41, 50, 53, 63, 70, 85, 97, 103, 114, 116, 130, 146, 153, 155, 175, 176, 180, 197, 221, 223, 230, 238, 242, 247]"
388,388,388,388,case_2388,26,"[24, 29, 50, 53, 63, 70, 85, 97, 103, 113, 114, 116, 130, 146, 153, 155, 175, 176, 180, 188, 197, 221, 223, 230, 242, 247]"
389,389,389,389,case_2389,26,"[24, 29, 50, 53, 63, 70, 85, 97, 103, 113, 114, 116, 130, 146, 153, 155, 175, 176, 180, 188, 197, 221, 223, 230, 242, 247]"
390,390,390,390,case_2390,26,"[24, 29, 50, 53, 63, 70, 85, 97, 103, 113, 114, 116, 130, 146, 153, 155, 175, 176, 180, 188, 197, 221, 223, 230, 242, 247]"
391,391,391,391,case_2391,26,"[24, 29, 50, 53, 63, 70, 85, 97, 103, 113, 114, 116, 130, 146, 153, 155, 175, 176, 180, 188, 197, 221, 223, 230, 242, 247]"
393,393,393,393,case_2393,26,"[24, 29, 50, 53, 63, 70, 85, 97, 103, 113, 114, 116, 130, 146, 153, 155, 175, 176, 180, 188, 197, 221, 223, 230, 242, 247]"
444,444,444,444,case_2444,26,"[24, 29, 41, 50, 53, 63, 70, 85, 97, 103, 114, 116, 130, 146, 153, 155, 175, 176, 180, 197, 221, 223, 230, 238, 242, 247]"
446,446,446,446,case_2446,26,"[24, 29, 41, 50, 53, 63, 70, 85, 97, 103, 114, 116, 130, 146, 153, 155, 175, 176, 180, 197, 221, 223, 230, 238, 242, 247]"
447,447,447,447,case_2447,26,"[24, 29, 50, 53, 63, 70, 85, 97, 103, 113, 114, 116, 130, 146, 153, 155, 175, 176, 180, 188, 197, 221, 223, 230, 242, 247]"
525,525,525,525,case_2525,26,"[24, 29, 50, 53, 63, 70, 85, 97, 103, 113, 114, 116, 130, 146, 153, 155, 175, 176, 180, 188, 197, 221, 223, 230, 242, 247]"
526,526,526,526,case_2526,26,"[24, 29, 50, 53, 63, 70, 85, 97, 103, 113, 114, 116, 130, 146, 153, 155, 175, 176, 180, 188, 197, 221, 223, 230, 242, 247]"
527,527,527,527,case_2527,26,"[24, 29, 50, 53, 63, 70, 85, 97, 103, 113, 114, 116, 130, 146, 153, 155, 175, 176, 180, 188, 197, 221, 223, 230, 242, 247]"
528,528,528,528,case_2528,26,"[24, 29, 50, 53, 63, 70, 85, 97, 103, 113, 114, 116, 130, 146, 153, 155, 175, 176, 180, 188, 197, 221, 223, 230, 242, 247]"
514,514,514,514,case_2514,26,"[24, 29, 50, 53, 63, 85, 97, 103, 112, 113, 114, 116, 130, 146, 152, 153, 155, 175, 176, 180, 188, 204, 223, 230, 242, 247]"
516,516,516,516,case_2516,26,"[24, 29, 50, 53, 63, 70, 85, 97, 103, 113, 114, 116, 130, 146, 153, 155, 175, 176, 180, 188, 197, 221, 223, 230, 242, 247]"
122,122,122,122,case_2122,26,"[24, 29, 50, 53, 63, 70, 85, 97, 103, 113, 114, 116, 130, 146, 153, 155, 175, 176, 180, 188, 197, 221, 223, 230, 242, 247]"
125,125,125,125,case_2125,26,"[24, 29, 50, 53, 63, 70, 85, 97, 103, 113, 114, 116, 130, 146, 153, 155, 175, 176, 180, 188, 197, 221, 223, 230, 242, 247]"
451,451,451,451,case_2451,26,"[24, 29, 50, 53, 63, 70, 85, 97, 103, 113, 114, 116, 130, 146, 153, 155, 175, 176, 180, 188, 197, 221, 223, 230, 242, 247]"
452,452,452,452,case_2452,26,"[24, 29, 50, 53, 63, 70, 85, 97, 103, 113, 114, 116, 130, 146, 153, 155, 175, 176, 180, 188, 197, 221, 223, 230, 242, 247]"
453,453,453,453,case_2453,26,"[24, 29, 50, 53, 63, 70, 85, 97, 103, 113, 114, 116, 130, 146, 153, 155, 175, 176, 180, 188, 197, 221, 223, 230, 242, 247]"
454,454,454,454,case_2454,26,"[24, 29, 50, 53, 63, 70, 85, 97, 103, 113, 114, 116, 130, 146, 153, 155, 175, 176, 180, 188, 197, 221, 223, 230, 242, 247]"
455,455,455,455,case_2455,26,"[24, 29, 50, 53, 63, 70, 85, 97, 103, 113, 114, 116, 130, 146, 153, 155, 175, 176, 180, 188, 197, 221, 223, 230, 242, 247]"
457,457,457,457,case_2457,26,"[24, 29, 50, 53, 63, 70, 85, 97, 103, 113, 114, 116, 130, 146, 153, 155, 175, 176, 180, 188, 197, 221, 223, 230, 242, 247]"
506,506,506,506,case_2506,26,"[24, 29, 50, 53, 63, 70, 85, 97, 103, 113, 114, 116, 130, 146, 153, 155, 175, 176, 180, 188, 197, 221, 223, 230, 242, 247]"
508,508,508,508,case_2508,26,"[24, 29, 50, 53, 63, 70, 85, 97, 103, 113, 114, 116, 130, 146, 153, 155, 175, 176, 180, 188, 197, 221, 223, 230, 242, 247]"
884,884,884,884,case_2884,26,"[24, 29, 50, 53, 63, 70, 85, 97, 103, 113, 114, 116, 130, 146, 153, 155, 175, 176, 180, 188, 197, 221, 223, 230, 242, 247]"
885,885,885,885,case_2885,26,"[24, 29, 50, 53, 63, 70, 85, 97, 103, 113, 114, 116, 130, 146, 153, 155, 175, 176, 180, 188, 197, 221, 223, 230, 242, 247]"
886,886,886,886,case_2886,26,"[24, 29, 50, 53, 63, 70, 85, 97, 103, 113, 114, 116, 130, 146, 153, 155, 175, 176, 180, 188, 197, 221, 223, 230, 242, 247]"
887,887,887,887,case_2887,26,"[24, 29, 50, 53, 63, 70, 85, 97, 103, 113, 114, 116, 130, 146, 153, 155, 175, 176, 180, 188, 197, 221, 223, 230, 242, 247]"
889,889,889,889,case_2889,26,"[24, 29, 50, 53, 63, 70, 85, 97, 103, 113, 114, 116, 130, 146, 153, 155, 175, 176, 180, 188, 197, 221, 223, 230, 242, 247]"
875,875,875,875,case_2875,26,"[24, 29, 50, 53, 63, 70, 85, 97, 103, 113, 114, 116, 130, 146, 153, 155, 175, 176, 180, 188, 197, 221, 223, 230, 242, 247]"
876,876,876,876,case_2876,26,"[24, 29, 41, 50, 53, 63, 70, 85, 97, 103, 114, 116, 130, 146, 153, 155, 175, 176, 180, 197, 221, 223, 230, 238, 242, 247]"
450,450,450,450,case_2450,26,"[24, 29, 50, 53, 63, 70, 85, 97, 103, 113, 114, 116, 130, 146, 153, 155, 175, 176, 180, 188, 197, 221, 223, 230, 242, 247]"
891,891,891,891,case_2891,26,"[24, 29, 50, 53, 63, 70, 85, 97, 103, 113, 114, 116, 130, 146, 153, 155, 175, 176, 180, 188, 197, 221, 223, 230, 242, 247]"
892,892,892,892,case_2892,26,"[24, 29, 50, 53, 63, 70, 85, 97, 103, 113, 114, 116, 130, 146, 153, 155, 175, 176, 180, 188, 197, 221, 223, 230, 242, 247]"
893,893,893,893,case_2893,26,"[24, 29, 50, 53, 63, 70, 85, 97, 103, 113, 114, 116, 130, 146, 153, 155, 175, 176, 180, 188, 197, 221, 223, 230, 242, 247]"
894,894,894,894,case_2894,26,"[24, 29, 50, 53, 63, 70, 85, 97, 103, 113, 114, 116, 130, 146, 153, 155, 175, 176, 180, 188, 197, 221, 223, 230, 242, 247]"
895,895,895,895,case_2895,26,"[24, 29, 50, 53, 63, 70, 85, 97, 103, 113, 114, 116, 130, 146, 153, 155, 175, 176, 180, 188, 197, 221, 223, 230, 242, 247]"
896,896,896,896,case_2896,26,"[24, 29, 50, 53, 63, 70, 85, 97, 103, 113, 114, 116, 130, 146, 153, 155, 175, 176, 180, 188, 197, 221, 223, 230, 242, 247]"
897,897,897,897,case_2897,26,"[24, 29, 50, 53, 63, 70, 85, 97, 103, 113, 114, 116, 130, 146, 153, 155, 175, 176, 180, 188, 197, 221, 223, 230, 242, 247]"
883,883,883,883,case_2883,26,"[24, 29, 50, 53, 63, 70, 85, 97, 103, 113, 114, 116, 130, 146, 153, 155, 175, 176, 180, 188, 197, 221, 223, 230, 242, 247]"
834,834,834,834,case_2834,26,"[24, 29, 50, 53, 63, 70, 85, 97, 103, 113, 114, 116, 130, 146, 153, 155, 175, 176, 180, 188, 197, 221, 223, 230, 242, 247]"
835,835,835,835,case_2835,26,"[24, 29, 50, 53, 63, 70, 85, 97, 103, 113, 114, 116, 130, 146, 153, 155, 175, 176, 180, 188, 197, 221, 223, 230, 242, 247]"
836,836,836,836,case_2836,26,"[24, 29, 50, 53, 63, 70, 85, 97, 103, 113, 114, 116, 130, 146, 153, 155, 175, 176, 180, 188, 197, 221, 223, 230, 242, 247]"
837,837,837,837,case_2837,26,"[24, 29, 50, 53, 63, 70, 85, 97, 103, 113, 114, 116, 130, 146, 153, 155, 175, 176, 180, 188, 197, 221, 223, 230, 242, 247]"
838,838,838,838,case_2838,26,"[24, 29, 50, 53, 63, 70, 85, 97, 103, 113, 114, 116, 130, 146, 153, 155, 175, 176, 180, 188, 197, 221, 223, 230, 242, 247]"
839,839,839,839,case_2839,26,"[24, 29, 50, 53, 63, 70, 85, 97, 103, 113, 114, 116, 130, 146, 153, 155, 175, 176, 180, 188, 197, 221, 223, 230, 242, 247]"
840,840,840,840,case_2840,26,"[24, 29, 50, 53, 63, 70, 85, 97, 103, 113, 114, 116, 130, 146, 153, 155, 175, 176, 180, 188, 197, 221, 223, 230, 242, 247]"
890,890,890,890,case_2890,26,"[24, 29, 50, 53, 63, 70, 85, 97, 103, 113, 114, 116, 130, 146, 153, 155, 175, 176, 180, 188, 197, 221, 223, 230, 242, 247]"
94,94,94,94,case_2094,26,"[24, 29, 41, 50, 53, 63, 70, 85, 97, 103, 114, 116, 130, 146, 153, 155, 175, 176, 180, 197, 221, 223, 230, 238, 242, 247]"
96,96,96,96,case_2096,26,"[24, 29, 50, 53, 63, 70, 85, 97, 103, 113, 114, 116, 130, 146, 153, 155, 175, 176, 180, 188, 197, 221, 223, 230, 242, 247]"
82,82,82,82,case_2082,26,"[24, 29, 50, 53, 63, 70, 85, 97, 103, 113, 114, 116, 130, 146, 153, 155, 175, 176, 180, 188, 197, 221, 223, 230, 242, 247]"
84,84,84,84,case_2084,26,"[24, 29, 50, 53, 63, 70, 85, 97, 103, 113, 114, 116, 130, 146, 153, 155, 175, 176, 180, 188, 197, 221, 223, 230, 242, 247]"
88,88,88,88,case_2088,26,"[24, 29, 50, 53, 63, 70, 85, 97, 103, 113, 114, 116, 130, 146, 153, 155, 175, 176, 180, 188, 197, 221, 223, 230, 242, 247]"
74,74,74,74,case_2074,26,"[24, 29, 41, 50, 53, 63, 70, 85, 97, 103, 114, 116, 130, 146, 153, 155, 175, 176, 180, 197, 221, 223, 230, 238, 242, 247]"
77,77,77,77,case_2077,26,"[24, 29, 41, 50, 53, 63, 70, 85, 97, 103, 114, 116, 130, 146, 153, 155, 175, 176, 180, 197, 221, 223, 230, 238, 242, 247]"
78,78,78,78,case_2078,26,"[24, 29, 50, 53, 63, 70, 85, 97, 103, 113, 114, 116, 130, 146, 153, 155, 175, 176, 180, 188, 197, 221, 223, 230, 242, 247]"
797,797,797,797,case_2797,26,"[24, 29, 50, 53, 63, 70, 85, 97, 103, 113, 114, 116, 130, 146, 153, 155, 175, 176, 180, 188, 197, 221, 223, 230, 242, 247]"
799,799,799,799,case_2799,26,"[24, 29, 50, 53, 63, 70, 85, 97, 103, 113, 114, 116, 130, 146, 153, 155, 175, 176, 180, 188, 197, 221, 223, 230, 242, 247]"
800,800,800,800,case_2800,26,"[24, 29, 50, 53, 63, 70, 85, 97, 103, 113, 114, 116, 130, 146, 153, 155, 175, 176, 180, 188, 197, 221, 223, 230, 242, 247]"
786,786,786,786,case_2786,26,"[24, 29, 50, 53, 63, 70, 85, 97, 103, 113, 114, 116, 130, 146, 153, 155, 175, 176, 180, 188, 197, 221, 223, 230, 242, 247]"
787,787,787,787,case_2787,26,"[24, 29, 50, 53, 63, 70, 85, 97, 103, 113, 114, 116, 130, 146, 153, 155, 175, 176, 180, 188, 197, 221, 223, 230, 242, 247]"
788,788,788,788,case_2788,26,"[24, 29, 50, 53, 63, 70, 85, 97, 103, 113, 114, 116, 130, 146, 153, 155, 175, 176, 180, 188, 197, 221, 223, 230, 242, 247]"
789,789,789,789,case_2789,26,"[24, 29, 50, 53, 63, 70, 85, 97, 103, 113, 114, 116, 130, 146, 153, 155, 175, 176, 180, 188, 197, 221, 223, 230, 242, 247]"
91,91,91,91,case_2091,26,"[24, 29, 50, 53, 63, 70, 85, 97, 103, 113, 114, 116, 130, 146, 153, 155, 175, 176, 180, 188, 197, 221, 223, 230, 242, 247]"
714,714,714,714,case_2714,26,"[24, 29, 50, 53, 63, 70, 85, 97, 103, 113, 114, 116, 130, 146, 153, 155, 175, 176, 180, 188, 197, 221, 223, 230, 242, 247]"
707,707,707,707,case_2707,26,"[24, 29, 50, 53, 63, 70, 85, 97, 103, 113, 114, 116, 130, 146, 153, 155, 175, 176, 180, 188, 197, 221, 223, 230, 242, 247]"
708,708,708,708,case_2708,26,"[24, 29, 50, 53, 63, 70, 85, 97, 103, 113, 114, 116, 130, 146, 153, 155, 175, 176, 180, 188, 197, 221, 223, 230, 242, 247]"
709,709,709,709,case_2709,26,"[24, 29, 50, 53, 63, 70, 85, 97, 103, 113, 114, 116, 130, 146, 153, 155, 175, 176, 180, 188, 197, 221, 223, 230, 242, 247]"
713,713,713,713,case_2713,26,"[24, 29, 50, 53, 63, 70, 85, 97, 103, 113, 114, 116, 130, 146, 153, 155, 175, 176, 180, 188, 197, 221, 223, 230, 242, 247]"
1015,1015,1015,1015,case_5299,26,"[24, 29, 50, 53, 63, 70, 85, 97, 103, 113, 114, 116, 130, 146, 153, 155, 175, 176, 180, 188, 197, 221, 223, 230, 242, 247]"
1016,1016,1016,1016,case_5300,26,"[24, 29, 50, 53, 63, 70, 85, 97, 103, 113, 114, 116, 130, 146, 153, 155, 175, 176, 180, 188, 197, 221, 223, 230, 242, 247]"
1017,1017,1017,1017,case_5301,26,"[24, 29, 50, 53, 63, 70, 85, 97, 103, 113, 114, 116, 130, 146, 153, 155, 175, 176, 180, 188, 197, 221, 223, 230, 242, 247]"
222,222,222,222,case_2222,26,"[24, 29, 50, 53, 63, 70, 85, 97, 103, 113, 114, 116, 130, 146, 153, 155, 175, 176, 180, 188, 197, 221, 223, 230, 242, 247]"
210,210,210,210,case_2210,26,"[24, 29, 41, 50, 53, 63, 70, 85, 97, 103, 114, 116, 130, 146, 153, 155, 175, 176, 180, 197, 221, 223, 230, 238, 242, 247]"
215,215,215,215,case_2215,26,"[24, 29, 41, 50, 53, 63, 70, 85, 97, 103, 114, 116, 130, 146, 153, 155, 175, 176, 180, 197, 221, 223, 230, 238, 242, 247]"
216,216,216,216,case_2216,26,"[24, 29, 50, 53, 63, 70, 85, 97, 103, 113, 114, 116, 130, 146, 153, 155, 175, 176, 180, 188, 197, 221, 223, 230, 242, 247]"
203,203,203,203,case_2203,26,"[24, 29, 41, 50, 53, 63, 70, 85, 97, 103, 114, 116, 130, 146, 153, 155, 175, 176, 180, 197, 221, 223, 230, 238, 242, 247]"
196,196,196,196,case_2196,26,"[24, 29, 50, 53, 63, 70, 85, 97, 103, 113, 114, 116, 130, 146, 153, 155, 175, 176, 180, 188, 197, 221, 223, 230, 242, 247]"
726,726,726,726,case_2726,26,"[24, 29, 50, 53, 63, 70, 85, 97, 103, 113, 114, 116, 130, 146, 153, 155, 175, 176, 180, 188, 197, 221, 223, 230, 242, 247]"
728,728,728,728,case_2728,26,"[24, 29, 50, 53, 63, 70, 85, 97, 103, 113, 114, 116, 130, 146, 153, 155, 175, 176, 180, 188, 197, 221, 223, 230, 242, 247]"
11,11,11,11,case_2011,26,"[24, 29, 50, 53, 63, 70, 85, 97, 103, 113, 114, 116, 130, 146, 153, 155, 175, 176, 180, 188, 197, 221, 223, 230, 242, 247]"
64,64,64,64,case_2064,26,"[24, 29, 50, 53, 63, 70, 85, 97, 103, 113, 114, 116, 130, 146, 153, 155, 175, 176, 180, 188, 197, 221, 223, 230, 242, 247]"
51,51,51,51,case_2051,26,"[24, 29, 50, 53, 63, 70, 85, 97, 103, 113, 114, 116, 130, 146, 153, 155, 175, 176, 180, 188, 197, 221, 223, 230, 242, 247]"
52,52,52,52,case_2052,26,"[24, 29, 50, 53, 63, 70, 85, 97, 103, 113, 114, 116, 130, 146, 153, 155, 175, 176, 180, 188, 197, 221, 223, 230, 242, 247]"
53,53,53,53,case_2053,26,"[24, 29, 50, 53, 63, 70, 85, 97, 103, 113, 114, 116, 130, 146, 153, 155, 175, 176, 180, 188, 197, 221, 223, 230, 242, 247]"
56,56,56,56,case_2056,26,"[24, 29, 50, 53, 63, 70, 85, 97, 103, 113, 114, 116, 130, 146, 153, 155, 175, 176, 180, 188, 197, 221, 223, 230, 242, 247]"
46,46,46,46,case_2046,26,"[24, 29, 41, 50, 53, 63, 70, 85, 97, 103, 114, 116, 130, 146, 153, 155, 175, 176, 180, 197, 221, 223, 230, 238, 242, 247]"
47,47,47,47,case_2047,26,"[24, 29, 41, 50, 53, 63, 70, 85, 97, 103, 114, 116, 130, 146, 153, 155, 175, 176, 180, 197, 221, 223, 230, 238, 242, 247]"
48,48,48,48,case_2048,26,"[24, 29, 41, 50, 53, 63, 70, 85, 97, 103, 114, 116, 130, 146, 153, 155, 175, 176, 180, 197, 221, 223, 230, 238, 242, 247]"
41,41,41,41,case_2041,26,"[24, 29, 41, 50, 53, 63, 70, 85, 97, 103, 114, 116, 130, 146, 153, 155, 175, 176, 180, 197, 221, 223, 230, 238, 242, 247]"
1018,1018,1018,1018,case_5303,26,"[24, 29, 50, 53, 63, 70, 85, 97, 103, 113, 114, 116, 130, 146, 153, 155, 175, 176, 180, 188, 197, 221, 223, 230, 242, 247]"
60,60,60,60,case_2060,27,"[24, 29, 50, 53, 63, 70, 85, 97, 103, 112, 114, 116, 130, 146, 152, 153, 155, 175, 176, 180, 197, 204, 221, 223, 230, 242, 247]"
59,59,59,59,case_2059,27,"[24, 29, 50, 53, 63, 70, 85, 97, 103, 112, 114, 116, 130, 146, 152, 153, 155, 175, 176, 180, 197, 204, 221, 223, 230, 242, 247]"
58,58,58,58,case_2058,27,"[24, 29, 50, 53, 63, 70, 85, 97, 103, 112, 114, 116, 130, 146, 152, 153, 155, 175, 176, 180, 197, 204, 221, 223, 230, 242, 247]"
40,40,40,40,case_2040,27,"[24, 29, 50, 53, 63, 70, 85, 97, 103, 112, 114, 116, 130, 146, 152, 153, 155, 175, 176, 180, 197, 204, 221, 223, 230, 242, 247]"
65,65,65,65,case_2065,27,"[24, 29, 50, 53, 63, 70, 85, 97, 103, 112, 114, 116, 130, 146, 152, 153, 155, 175, 176, 180, 197, 204, 221, 223, 230, 242, 247]"
50,50,50,50,case_2050,27,"[24, 29, 50, 53, 63, 70, 85, 97, 103, 112, 114, 116, 130, 146, 152, 153, 155, 175, 176, 180, 197, 204, 221, 223, 230, 242, 247]"
878,878,878,878,case_2878,27,"[24, 29, 50, 53, 63, 70, 85, 97, 103, 112, 114, 116, 130, 146, 152, 153, 155, 175, 176, 180, 197, 204, 221, 223, 230, 242, 247]"
480,480,480,480,case_2480,27,"[24, 29, 50, 53, 63, 70, 85, 97, 103, 112, 114, 116, 130, 146, 152, 153, 155, 175, 176, 180, 197, 204, 221, 223, 230, 242, 247]"
473,473,473,473,case_2473,27,"[24, 29, 50, 53, 63, 70, 85, 97, 103, 112, 114, 116, 130, 146, 152, 153, 155, 175, 176, 180, 197, 204, 221, 223, 230, 242, 247]"
435,435,435,435,case_2435,27,"[24, 29, 50, 53, 63, 70, 85, 97, 103, 112, 114, 116, 130, 146, 152, 153, 155, 175, 176, 180, 197, 204, 221, 223, 230, 242, 247]"
257,257,257,257,case_2257,27,"[24, 29, 50, 53, 63, 70, 85, 97, 103, 112, 114, 116, 130, 146, 152, 153, 155, 175, 176, 180, 197, 204, 221, 223, 230, 242, 247]"
245,245,245,245,case_2245,27,"[24, 29, 50, 53, 63, 70, 85, 97, 103, 112, 114, 116, 130, 146, 152, 153, 155, 175, 176, 180, 197, 204, 221, 223, 230, 242, 247]"
237,237,237,237,case_2237,27,"[24, 29, 50, 53, 63, 70, 85, 97, 103, 112, 114, 116, 130, 146, 152, 153, 155, 175, 176, 180, 197, 204, 221, 223, 230, 242, 247]"
250,250,250,250,case_2250,27,"[24, 29, 50, 53, 63, 70, 85, 97, 103, 112, 114, 116, 130, 146, 152, 153, 155, 175, 176, 180, 197, 204, 221, 223, 230, 242, 247]"
254,254,254,254,case_2254,27,"[24, 29, 50, 53, 63, 70, 85, 97, 103, 112, 114, 116, 130, 146, 152, 153, 155, 175, 176, 180, 197, 204, 221, 223, 230, 242, 247]"
256,256,256,256,case_2256,27,"[24, 29, 50, 53, 63, 70, 85, 97, 103, 112, 114, 116, 130, 146, 152, 153, 155, 175, 176, 180, 197, 204, 221, 223, 230, 242, 247]"
67,67,67,67,case_2067,27,"[24, 29, 50, 53, 63, 70, 85, 97, 103, 112, 114, 116, 130, 146, 152, 153, 155, 175, 176, 180, 197, 204, 221, 223, 230, 242, 247]"
93,93,93,93,case_2093,27,"[24, 29, 50, 53, 63, 70, 85, 97, 103, 112, 114, 116, 130, 146, 152, 153, 155, 175, 176, 180, 197, 204, 221, 223, 230, 242, 247]"
680,680,680,680,case_2680,27,"[24, 29, 50, 53, 63, 70, 85, 97, 103, 112, 114, 116, 130, 146, 152, 153, 155, 175, 176, 180, 197, 204, 221, 223, 230, 242, 247]"
873,873,873,873,case_2873,27,"[24, 29, 50, 53, 63, 70, 85, 97, 103, 112, 114, 116, 130, 146, 152, 153, 155, 175, 176, 180, 197, 204, 221, 223, 230, 242, 247]"
259,259,259,259,case_2259,27,"[24, 29, 50, 53, 63, 70, 85, 97, 103, 112, 114, 116, 130, 146, 152, 153, 155, 175, 176, 180, 197, 204, 221, 223, 230, 242, 247]"
314,314,314,314,case_2314,27,"[24, 29, 50, 53, 63, 70, 85, 97, 103, 112, 114, 116, 130, 146, 152, 153, 155, 175, 176, 180, 197, 204, 221, 223, 230, 242, 247]"
285,285,285,285,case_2285,27,"[24, 29, 50, 53, 63, 70, 85, 97, 103, 112, 114, 116, 130, 146, 152, 153, 155, 175, 176, 180, 197, 204, 221, 223, 230, 242, 247]"
227,227,227,227,case_2227,27,"[24, 29, 50, 53, 63, 70, 85, 97, 103, 112, 114, 116, 130, 146, 152, 153, 155, 175, 176, 180, 197, 204, 221, 223, 230, 242, 247]"
678,678,678,678,case_2678,27,"[24, 29, 50, 53, 63, 70, 85, 97, 103, 112, 114, 116, 130, 146, 152, 153, 155, 175, 176, 180, 197, 204, 221, 223, 230, 242, 247]"
679,679,679,679,case_2679,27,"[24, 29, 50, 53, 63, 70, 85, 97, 103, 112, 114, 116, 130, 146, 152, 153, 155, 175, 176, 180, 197, 204, 221, 223, 230, 242, 247]"
692,692,692,692,case_2692,27,"[24, 29, 50, 53, 63, 70, 85, 97, 103, 112, 114, 116, 130, 146, 152, 153, 155, 175, 176, 180, 197, 204, 221, 223, 230, 242, 247]"
645,645,645,645,case_2645,27,"[24, 29, 50, 53, 63, 70, 85, 97, 103, 112, 114, 116, 130, 146, 152, 153, 155, 175, 176, 180, 197, 204, 221, 223, 230, 242, 247]"
298,298,298,298,case_2298,27,"[24, 29, 50, 53, 63, 70, 85, 97, 103, 112, 114, 116, 130, 146, 152, 153, 155, 175, 176, 180, 197, 204, 221, 223, 230, 242, 247]"
917,917,917,917,case_2917,27,"[24, 29, 50, 53, 63, 70, 85, 97, 103, 112, 114, 116, 130, 146, 152, 153, 155, 175, 176, 180, 197, 204, 221, 223, 230, 242, 247]"
919,919,919,919,case_2919,27,"[24, 29, 50, 53, 63, 70, 85, 97, 103, 112, 114, 116, 130, 146, 152, 153, 155, 175, 176, 180, 197, 204, 221, 223, 230, 242, 247]"
920,920,920,920,case_2920,27,"[24, 29, 50, 53, 63, 70, 85, 97, 103, 112, 114, 116, 130, 146, 152, 153, 155, 175, 176, 180, 197, 204, 221, 223, 230, 242, 247]"
665,665,665,665,case_2665,27,"[24, 29, 50, 53, 63, 70, 85, 97, 103, 112, 114, 116, 130, 146, 152, 153, 155, 175, 176, 180, 197, 204, 221, 223, 230, 242, 247]"
652,652,652,652,case_2652,27,"[24, 29, 50, 53, 63, 70, 85, 97, 103, 112, 114, 116, 130, 146, 152, 153, 155, 175, 176, 180, 197, 204, 221, 223, 230, 242, 247]"
654,654,654,654,case_2654,27,"[24, 29, 50, 53, 63, 70, 85, 97, 103, 112, 114, 116, 130, 146, 152, 153, 155, 175, 176, 180, 197, 204, 221, 223, 230, 242, 247]"
666,666,666,666,case_2666,27,"[24, 29, 50, 53, 63, 70, 85, 97, 103, 112, 114, 116, 130, 146, 152, 153, 155, 175, 176, 180, 197, 204, 221, 223, 230, 242, 247]"
667,667,667,667,case_2667,27,"[24, 29, 50, 53, 63, 70, 85, 97, 103, 112, 114, 116, 130, 146, 152, 153, 155, 175, 176, 180, 197, 204, 221, 223, 230, 242, 247]"
620,620,620,620,case_2620,27,"[24, 29, 50, 53, 63, 70, 85, 97, 103, 112, 114, 116, 130, 146, 152, 153, 155, 175, 176, 180, 197, 204, 221, 223, 230, 242, 247]"
621,621,621,621,case_2621,27,"[24, 29, 50, 53, 63, 70, 85, 97, 103, 112, 114, 116, 130, 146, 152, 153, 155, 175, 176, 180, 197, 204, 221, 223, 230, 242, 247]"
624,624,624,624,case_2624,27,"[24, 29, 50, 53, 63, 70, 85, 97, 103, 112, 114, 116, 130, 146, 152, 153, 155, 175, 176, 180, 197, 204, 221, 223, 230, 242, 247]"
828,828,828,828,case_2828,27,"[24, 29, 50, 53, 63, 70, 85, 97, 103, 112, 114, 116, 130, 146, 152, 153, 155, 175, 176, 180, 197, 204, 221, 223, 230, 242, 247]"
830,830,830,830,case_2830,27,"[24, 29, 50, 53, 63, 70, 85, 97, 103, 112, 114, 116, 130, 146, 152, 153, 155, 175, 176, 180, 197, 204, 221, 223, 230, 242, 247]"
822,822,822,822,case_2822,27,"[24, 29, 50, 53, 63, 70, 85, 97, 103, 112, 114, 116, 130, 146, 152, 153, 155, 175, 176, 180, 197, 204, 221, 223, 230, 242, 247]"
923,923,923,923,case_2923,27,"[24, 29, 50, 53, 63, 70, 85, 97, 103, 112, 114, 116, 130, 146, 152, 153, 155, 175, 176, 180, 197, 204, 221, 223, 230, 242, 247]"
540,540,540,540,case_2540,27,"[24, 29, 50, 53, 63, 70, 85, 97, 103, 112, 114, 116, 130, 146, 152, 153, 155, 175, 176, 180, 197, 204, 221, 223, 230, 242, 247]"
816,816,816,816,case_2816,27,"[24, 29, 50, 53, 63, 70, 85, 97, 103, 112, 114, 116, 130, 146, 152, 153, 155, 175, 176, 180, 197, 204, 221, 223, 230, 242, 247]"
805,805,805,805,case_2805,27,"[24, 29, 50, 53, 63, 70, 85, 97, 103, 112, 114, 116, 130, 146, 152, 153, 155, 175, 176, 180, 197, 204, 221, 223, 230, 242, 247]"
807,807,807,807,case_2807,27,"[24, 29, 50, 53, 63, 70, 85, 97, 103, 112, 114, 116, 130, 146, 152, 153, 155, 175, 176, 180, 197, 204, 221, 223, 230, 242, 247]"
562,562,562,562,case_2562,27,"[24, 29, 50, 53, 63, 70, 85, 97, 103, 112, 114, 116, 130, 146, 152, 153, 155, 175, 176, 180, 197, 204, 221, 223, 230, 242, 247]"
771,771,771,771,case_2771,27,"[24, 29, 50, 53, 63, 70, 85, 97, 103, 112, 114, 116, 130, 146, 152, 153, 155, 175, 176, 180, 197, 204, 221, 223, 230, 242, 247]"
772,772,772,772,case_2772,27,"[24, 29, 50, 53, 63, 70, 85, 97, 103, 112, 114, 116, 130, 146, 152, 153, 155, 175, 176, 180, 197, 204, 221, 223, 230, 242, 247]"
774,774,774,774,case_2774,27,"[24, 29, 50, 53, 63, 70, 85, 97, 103, 112, 114, 116, 130, 146, 152, 153, 155, 175, 176, 180, 197, 204, 221, 223, 230, 242, 247]"
775,775,775,775,case_2775,27,"[24, 29, 50, 53, 63, 70, 85, 97, 103, 112, 114, 116, 130, 146, 152, 153, 155, 175, 176, 180, 197, 204, 221, 223, 230, 242, 247]"
777,777,777,777,case_2777,27,"[24, 29, 50, 53, 63, 70, 85, 97, 103, 112, 114, 116, 130, 146, 152, 153, 155, 175, 176, 180, 197, 204, 221, 223, 230, 242, 247]"
781,781,781,781,case_2781,27,"[24, 29, 50, 53, 63, 70, 85, 97, 103, 112, 114, 116, 130, 146, 152, 153, 155, 175, 176, 180, 197, 204, 221, 223, 230, 242, 247]"
585,585,585,585,case_2585,27,"[24, 29, 50, 53, 63, 70, 85, 97, 103, 112, 114, 116, 130, 146, 152, 153, 155, 175, 176, 180, 197, 204, 221, 223, 230, 242, 247]"
626,626,626,626,case_2626,27,"[24, 29, 50, 53, 63, 70, 85, 97, 103, 112, 114, 116, 130, 146, 152, 153, 155, 175, 176, 180, 197, 204, 221, 223, 230, 242, 247]"
627,627,627,627,case_2627,27,"[24, 29, 50, 53, 63, 70, 85, 97, 103, 112, 114, 116, 130, 146, 152, 153, 155, 175, 176, 180, 197, 204, 221, 223, 230, 242, 247]"
588,588,588,588,case_2588,27,"[24, 29, 50, 53, 63, 70, 85, 97, 103, 112, 114, 116, 130, 146, 152, 153, 155, 175, 176, 180, 197, 204, 221, 223, 230, 242, 247]"
351,351,351,351,case_2351,27,"[24, 29, 50, 53, 63, 70, 85, 97, 103, 112, 114, 116, 130, 146, 152, 153, 155, 175, 176, 180, 197, 204, 221, 223, 230, 242, 247]"
291,291,291,291,case_2291,27,"[24, 29, 50, 53, 63, 70, 85, 97, 103, 112, 114, 116, 130, 146, 152, 153, 155, 175, 176, 180, 197, 204, 221, 223, 230, 242, 247]"
361,361,361,361,case_2361,27,"[24, 29, 50, 53, 63, 70, 85, 97, 103, 112, 114, 116, 130, 146, 152, 153, 155, 175, 176, 180, 197, 204, 221, 223, 230, 242, 247]"
364,364,364,364,case_2364,27,"[24, 29, 50, 53, 63, 70, 85, 97, 103, 112, 114, 116, 130, 146, 152, 153, 155, 175, 176, 180, 197, 204, 221, 223, 230, 242, 247]"
355,355,355,355,case_2355,27,"[24, 29, 50, 53, 63, 70, 85, 97, 103, 112, 114, 116, 130, 146, 152, 153, 155, 175, 176, 180, 197, 204, 221, 223, 230, 242, 247]"
373,373,373,373,case_2373,27,"[24, 29, 50, 53, 63, 70, 85, 97, 103, 112, 114, 116, 130, 146, 152, 153, 155, 175, 176, 180, 197, 204, 221, 223, 230, 242, 247]"
376,376,376,376,case_2376,27,"[24, 29, 50, 53, 63, 70, 85, 97, 103, 112, 114, 116, 130, 146, 152, 153, 155, 175, 176, 180, 197, 204, 221, 223, 230, 242, 247]"
586,586,586,586,case_2586,27,"[24, 29, 50, 53, 63, 70, 85, 97, 103, 112, 114, 116, 130, 146, 152, 153, 155, 175, 176, 180, 197, 204, 221, 223, 230, 242, 247]"
551,551,551,551,case_2551,27,"[24, 29, 50, 53, 63, 70, 85, 97, 103, 112, 114, 116, 130, 146, 152, 153, 155, 175, 176, 180, 197, 204, 221, 223, 230, 242, 247]"
566,566,566,566,case_2566,27,"[24, 29, 50, 53, 63, 70, 85, 97, 103, 112, 114, 116, 130, 146, 152, 153, 155, 175, 176, 180, 197, 204, 221, 223, 230, 242, 247]"
560,560,560,560,case_2560,27,"[24, 29, 50, 53, 63, 70, 85, 97, 103, 112, 114, 116, 130, 146, 152, 153, 155, 175, 176, 180, 197, 204, 221, 223, 230, 242, 247]"
995,995,995,995,case_2995,27,"[24, 29, 50, 53, 63, 70, 85, 97, 103, 112, 114, 116, 130, 146, 152, 153, 155, 175, 176, 180, 197, 204, 221, 223, 230, 242, 247]"
981,981,981,981,case_2981,27,"[24, 29, 50, 53, 63, 70, 85, 97, 103, 112, 114, 116, 130, 146, 152, 153, 155, 175, 176, 180, 197, 204, 221, 223, 230, 242, 247]"
983,983,983,983,case_2983,27,"[24, 29, 50, 53, 63, 70, 85, 97, 103, 112, 114, 116, 130, 146, 152, 153, 155, 175, 176, 180, 197, 204, 221, 223, 230, 242, 247]"
985,985,985,985,case_2985,27,"[24, 29, 50, 53, 63, 70, 85, 97, 103, 112, 114, 116, 130, 146, 152, 153, 155, 175, 176, 180, 197, 204, 221, 223, 230, 242, 247]"
181,181,181,181,case_2181,27,"[24, 29, 50, 53, 63, 70, 85, 97, 103, 112, 114, 116, 130, 146, 152, 153, 155, 175, 176, 180, 197, 204, 221, 223, 230, 242, 247]"
184,184,184,184,case_2184,27,"[24, 29, 50, 53, 63, 70, 85, 97, 103, 112, 114, 116, 130, 146, 152, 153, 155, 175, 176, 180, 197, 204, 221, 223, 230, 242, 247]"
1003,1003,1003,1003,case_5014,27,"[24, 29, 50, 53, 63, 70, 85, 97, 103, 112, 114, 116, 130, 146, 152, 153, 155, 175, 176, 180, 197, 204, 221, 223, 230, 242, 247]"
762,762,762,762,case_2762,27,"[24, 29, 50, 53, 63, 70, 85, 97, 103, 112, 114, 116, 130, 146, 152, 153, 155, 175, 176, 180, 197, 204, 221, 223, 230, 242, 247]"
765,765,765,765,case_2765,27,"[24, 29, 50, 53, 63, 70, 85, 97, 103, 112, 114, 116, 130, 146, 152, 153, 155, 175, 176, 180, 197, 204, 221, 223, 230, 242, 247]"
766,766,766,766,case_2766,27,"[24, 29, 50, 53, 63, 70, 85, 97, 103, 112, 114, 116, 130, 146, 152, 153, 155, 175, 176, 180, 197, 204, 221, 223, 230, 242, 247]"
767,767,767,767,case_2767,27,"[24, 29, 50, 53, 63, 70, 85, 97, 103, 112, 114, 116, 130, 146, 152, 153, 155, 175, 176, 180, 197, 204, 221, 223, 230, 242, 247]"
768,768,768,768,case_2768,27,"[24, 29, 50, 53, 63, 70, 85, 97, 103, 112, 114, 116, 130, 146, 152, 153, 155, 175, 176, 180, 197, 204, 221, 223, 230, 242, 247]"
204,204,204,204,case_2204,27,"[24, 29, 50, 53, 63, 70, 85, 97, 103, 112, 114, 116, 130, 146, 152, 153, 155, 175, 176, 180, 197, 204, 221, 223, 230, 242, 247]"
206,206,206,206,case_2206,27,"[24, 29, 50, 53, 63, 70, 85, 97, 103, 112, 114, 116, 130, 146, 152, 153, 155, 175, 176, 180, 197, 204, 221, 223, 230, 242, 247]"
195,195,195,195,case_2195,27,"[24, 29, 50, 53, 63, 70, 85, 97, 103, 112, 114, 116, 130, 146, 152, 153, 155, 175, 176, 180, 197, 204, 221, 223, 230, 242, 247]"
225,225,225,225,case_2225,27,"[24, 29, 50, 53, 63, 70, 85, 97, 103, 112, 114, 116, 130, 146, 152, 153, 155, 175, 176, 180, 197, 204, 221, 223, 230, 242, 247]"
212,212,212,212,case_2212,27,"[24, 29, 50, 53, 63, 70, 85, 97, 103, 112, 114, 116, 130, 146, 152, 153, 155, 175, 176, 180, 197, 204, 221, 223, 230, 242, 247]"
199,199,199,199,case_2199,28,"[24, 29, 41, 50, 53, 63, 70, 85, 97, 103, 113, 114, 116, 130, 146, 153, 155, 175, 176, 180, 188, 197, 221, 223, 230, 238, 242, 247]"
154,154,154,154,case_2154,28,"[24, 29, 41, 50, 53, 63, 70, 85, 97, 103, 113, 114, 116, 130, 146, 153, 155, 175, 176, 180, 188, 197, 221, 223, 230, 238, 242, 247]"
211,211,211,211,case_2211,28,"[24, 29, 41, 50, 53, 63, 70, 85, 97, 103, 113, 114, 116, 130, 146, 153, 155, 175, 176, 180, 188, 197, 221, 223, 230, 238, 242, 247]"
61,61,61,61,case_2061,28,"[24, 29, 41, 50, 53, 63, 70, 85, 97, 103, 113, 114, 116, 130, 146, 153, 155, 175, 176, 180, 188, 197, 221, 223, 230, 238, 242, 247]"
175,175,175,175,case_2175,28,"[24, 29, 41, 50, 53, 63, 70, 85, 97, 103, 113, 114, 116, 130, 146, 153, 155, 175, 176, 180, 188, 197, 221, 223, 230, 238, 242, 247]"
724,724,724,724,case_2724,28,"[24, 29, 41, 50, 53, 63, 70, 85, 97, 103, 113, 114, 116, 130, 146, 153, 155, 175, 176, 180, 188, 197, 221, 223, 230, 238, 242, 247]"
725,725,725,725,case_2725,28,"[24, 29, 41, 50, 53, 63, 70, 85, 97, 103, 113, 114, 116, 130, 146, 153, 155, 175, 176, 180, 188, 197, 221, 223, 230, 238, 242, 247]"
727,727,727,727,case_2727,28,"[24, 29, 41, 50, 53, 63, 70, 85, 97, 103, 113, 114, 116, 130, 146, 153, 155, 175, 176, 180, 188, 197, 221, 223, 230, 238, 242, 247]"
729,729,729,729,case_2729,28,"[24, 29, 41, 50, 53, 63, 70, 85, 97, 103, 113, 114, 116, 130, 146, 153, 155, 175, 176, 180, 188, 197, 221, 223, 230, 238, 242, 247]"
715,715,715,715,case_2715,28,"[24, 29, 41, 50, 53, 63, 70, 85, 97, 103, 113, 114, 116, 130, 146, 153, 155, 175, 176, 180, 188, 197, 221, 223, 230, 238, 242, 247]"
209,209,209,209,case_2209,28,"[24, 29, 41, 50, 53, 63, 70, 85, 97, 103, 113, 114, 116, 130, 146, 153, 155, 175, 176, 180, 188, 197, 221, 223, 230, 238, 242, 247]"
716,716,716,716,case_2716,28,"[24, 29, 41, 50, 53, 63, 70, 85, 97, 103, 113, 114, 116, 130, 146, 153, 155, 175, 176, 180, 188, 197, 221, 223, 230, 238, 242, 247]"
717,717,717,717,case_2717,28,"[24, 29, 41, 50, 53, 63, 70, 85, 97, 103, 113, 114, 116, 130, 146, 153, 155, 175, 176, 180, 188, 197, 221, 223, 230, 238, 242, 247]"
718,718,718,718,case_2718,28,"[24, 29, 41, 50, 53, 63, 70, 85, 97, 103, 113, 114, 116, 130, 146, 153, 155, 175, 176, 180, 188, 197, 221, 223, 230, 238, 242, 247]"
719,719,719,719,case_2719,28,"[24, 29, 41, 50, 53, 63, 70, 85, 97, 103, 113, 114, 116, 130, 146, 153, 155, 175, 176, 180, 188, 197, 221, 223, 230, 238, 242, 247]"
711,711,711,711,case_2711,28,"[24, 29, 41, 50, 53, 63, 70, 85, 97, 103, 113, 114, 116, 130, 146, 153, 155, 175, 176, 180, 188, 197, 221, 223, 230, 238, 242, 247]"
754,754,754,754,case_2754,28,"[24, 29, 41, 50, 53, 63, 70, 85, 97, 103, 113, 114, 116, 130, 146, 153, 155, 175, 176, 180, 188, 197, 221, 223, 230, 238, 242, 247]"
1006,1006,1006,1006,case_5017,28,"[24, 29, 41, 50, 53, 63, 70, 85, 97, 103, 113, 114, 116, 130, 146, 153, 155, 175, 176, 180, 188, 197, 221, 223, 230, 238, 242, 247]"
1007,1007,1007,1007,case_5032,28,"[24, 29, 41, 50, 53, 63, 70, 85, 97, 103, 113, 114, 116, 130, 146, 153, 155, 175, 176, 180, 188, 197, 221, 223, 230, 238, 242, 247]"
712,712,712,712,case_2712,28,"[24, 29, 41, 50, 53, 63, 70, 85, 97, 103, 113, 114, 116, 130, 146, 153, 155, 175, 176, 180, 188, 197, 221, 223, 230, 238, 242, 247]"
764,764,764,764,case_2764,28,"[24, 29, 41, 50, 53, 63, 70, 85, 97, 103, 113, 114, 116, 130, 146, 153, 155, 175, 176, 180, 188, 197, 221, 223, 230, 238, 242, 247]"
492,492,492,492,case_2492,28,"[24, 29, 41, 50, 53, 63, 70, 85, 97, 103, 113, 114, 116, 130, 146, 153, 155, 175, 176, 180, 188, 197, 221, 223, 230, 238, 242, 247]"
485,485,485,485,case_2485,28,"[24, 29, 41, 50, 53, 63, 70, 85, 97, 103, 113, 114, 116, 130, 146, 153, 155, 175, 176, 180, 188, 197, 221, 223, 230, 238, 242, 247]"
489,489,489,489,case_2489,28,"[24, 29, 41, 50, 53, 63, 70, 85, 97, 103, 113, 114, 116, 130, 146, 153, 155, 175, 176, 180, 188, 197, 221, 223, 230, 238, 242, 247]"
511,511,511,511,case_2511,28,"[24, 29, 41, 50, 53, 63, 70, 85, 97, 103, 113, 114, 116, 130, 146, 153, 155, 175, 176, 180, 188, 197, 221, 223, 230, 238, 242, 247]"
512,512,512,512,case_2512,28,"[24, 29, 41, 50, 53, 63, 70, 85, 97, 103, 113, 114, 116, 130, 146, 153, 155, 175, 176, 180, 188, 197, 221, 223, 230, 238, 242, 247]"
513,513,513,513,case_2513,28,"[24, 29, 41, 50, 53, 63, 70, 85, 97, 103, 113, 114, 116, 130, 146, 153, 155, 175, 176, 180, 188, 197, 221, 223, 230, 238, 242, 247]"
507,507,507,507,case_2507,28,"[24, 29, 41, 50, 53, 63, 70, 85, 97, 103, 113, 114, 116, 130, 146, 153, 155, 175, 176, 180, 188, 197, 221, 223, 230, 238, 242, 247]"
874,874,874,874,case_2874,28,"[24, 29, 41, 50, 53, 63, 70, 85, 97, 103, 113, 114, 116, 130, 146, 153, 155, 175, 176, 180, 188, 197, 221, 223, 230, 238, 242, 247]"
188,188,188,188,case_2188,28,"[24, 29, 41, 50, 53, 63, 70, 85, 97, 103, 113, 114, 116, 130, 146, 153, 155, 175, 176, 180, 188, 197, 221, 223, 230, 238, 242, 247]"
189,189,189,189,case_2189,28,"[24, 29, 41, 50, 53, 63, 70, 85, 97, 103, 113, 114, 116, 130, 146, 153, 155, 175, 176, 180, 188, 197, 221, 223, 230, 238, 242, 247]"
190,190,190,190,case_2190,28,"[24, 29, 41, 50, 53, 63, 70, 85, 97, 103, 113, 114, 116, 130, 146, 153, 155, 175, 176, 180, 188, 197, 221, 223, 230, 238, 242, 247]"
191,191,191,191,case_2191,28,"[24, 29, 41, 50, 53, 63, 70, 85, 97, 103, 113, 114, 116, 130, 146, 153, 155, 175, 176, 180, 188, 197, 221, 223, 230, 238, 242, 247]"
192,192,192,192,case_2192,28,"[24, 29, 41, 50, 53, 63, 70, 85, 97, 103, 113, 114, 116, 130, 146, 153, 155, 175, 176, 180, 188, 197, 221, 223, 230, 238, 242, 247]"
503,503,503,503,case_2503,28,"[24, 29, 41, 50, 53, 63, 70, 85, 97, 103, 113, 114, 116, 130, 146, 153, 155, 175, 176, 180, 188, 197, 221, 223, 230, 238, 242, 247]"
993,993,993,993,case_2993,28,"[24, 29, 41, 50, 53, 63, 70, 85, 97, 103, 113, 114, 116, 130, 146, 153, 155, 175, 176, 180, 188, 197, 221, 223, 230, 238, 242, 247]"
185,185,185,185,case_2185,28,"[24, 29, 41, 50, 53, 63, 70, 85, 97, 103, 113, 114, 116, 130, 146, 153, 155, 175, 176, 180, 188, 197, 221, 223, 230, 238, 242, 247]"
990,990,990,990,case_2990,28,"[24, 29, 41, 50, 53, 63, 70, 85, 97, 103, 113, 114, 116, 130, 146, 153, 155, 175, 176, 180, 188, 197, 221, 223, 230, 238, 242, 247]"
991,991,991,991,case_2991,28,"[24, 29, 41, 50, 53, 63, 70, 85, 97, 103, 113, 114, 116, 130, 146, 153, 155, 175, 176, 180, 188, 197, 221, 223, 230, 238, 242, 247]"
992,992,992,992,case_2992,28,"[24, 29, 41, 50, 53, 63, 70, 85, 97, 103, 113, 114, 116, 130, 146, 153, 155, 175, 176, 180, 188, 197, 221, 223, 230, 238, 242, 247]"
177,177,177,177,case_2177,28,"[24, 29, 41, 50, 53, 63, 70, 85, 97, 103, 113, 114, 116, 130, 146, 153, 155, 175, 176, 180, 188, 197, 221, 223, 230, 238, 242, 247]"
55,55,55,55,case_2055,28,"[24, 29, 41, 50, 53, 63, 70, 85, 97, 103, 113, 114, 116, 130, 146, 153, 155, 175, 176, 180, 188, 197, 221, 223, 230, 238, 242, 247]"
29,29,29,29,case_2029,28,"[24, 29, 41, 50, 53, 63, 70, 85, 97, 103, 113, 114, 116, 130, 146, 153, 155, 175, 176, 180, 188, 197, 221, 223, 230, 238, 242, 247]"
25,25,25,25,case_2025,28,"[24, 29, 41, 50, 53, 63, 70, 85, 97, 103, 113, 114, 116, 130, 146, 153, 155, 175, 176, 180, 188, 197, 221, 223, 230, 238, 242, 247]"
1000,1000,1000,1000,case_3459,28,"[24, 29, 41, 50, 53, 63, 70, 85, 97, 103, 113, 114, 116, 130, 146, 153, 155, 175, 176, 180, 188, 197, 221, 223, 230, 238, 242, 247]"
1001,1001,1001,1001,case_3884,28,"[24, 29, 41, 50, 53, 63, 70, 85, 97, 103, 113, 114, 116, 130, 146, 153, 155, 175, 176, 180, 188, 197, 221, 223, 230, 238, 242, 247]"
976,976,976,976,case_2976,28,"[24, 29, 41, 50, 53, 63, 70, 85, 97, 103, 113, 114, 116, 130, 146, 153, 155, 175, 176, 180, 188, 197, 221, 223, 230, 238, 242, 247]"
552,552,552,552,case_2552,28,"[24, 29, 41, 50, 53, 63, 70, 85, 97, 103, 113, 114, 116, 130, 146, 153, 155, 175, 176, 180, 188, 197, 221, 223, 230, 238, 242, 247]"
553,553,553,553,case_2553,28,"[24, 29, 41, 50, 53, 63, 70, 85, 97, 103, 113, 114, 116, 130, 146, 153, 155, 175, 176, 180, 188, 197, 221, 223, 230, 238, 242, 247]"
604,604,604,604,case_2604,28,"[24, 29, 41, 50, 53, 63, 70, 85, 97, 103, 113, 114, 116, 130, 146, 153, 155, 175, 176, 180, 188, 197, 221, 223, 230, 238, 242, 247]"
555,555,555,555,case_2555,28,"[24, 29, 41, 50, 53, 63, 70, 85, 97, 103, 113, 114, 116, 130, 146, 153, 155, 175, 176, 180, 188, 197, 221, 223, 230, 238, 242, 247]"
547,547,547,547,case_2547,28,"[24, 29, 41, 50, 53, 63, 70, 85, 97, 103, 113, 114, 116, 130, 146, 153, 155, 175, 176, 180, 188, 197, 221, 223, 230, 238, 242, 247]"
329,329,329,329,case_2329,28,"[24, 29, 41, 50, 53, 63, 70, 85, 97, 103, 113, 114, 116, 130, 146, 153, 155, 175, 176, 180, 188, 197, 221, 223, 230, 238, 242, 247]"
379,379,379,379,case_2379,28,"[24, 29, 41, 50, 53, 63, 70, 85, 97, 103, 113, 114, 116, 130, 146, 153, 155, 175, 176, 180, 188, 197, 221, 223, 230, 238, 242, 247]"
335,335,335,335,case_2335,28,"[24, 29, 41, 50, 53, 63, 70, 85, 97, 103, 113, 114, 116, 130, 146, 153, 155, 175, 176, 180, 188, 197, 221, 223, 230, 238, 242, 247]"
327,327,327,327,case_2327,28,"[24, 29, 41, 50, 53, 63, 70, 85, 97, 103, 113, 114, 116, 130, 146, 153, 155, 175, 176, 180, 188, 197, 221, 223, 230, 238, 242, 247]"
342,342,342,342,case_2342,28,"[24, 29, 41, 50, 53, 63, 70, 85, 97, 103, 113, 114, 116, 130, 146, 153, 155, 175, 176, 180, 188, 197, 221, 223, 230, 238, 242, 247]"
343,343,343,343,case_2343,28,"[24, 29, 41, 50, 53, 63, 70, 85, 97, 103, 113, 114, 116, 130, 146, 153, 155, 175, 176, 180, 188, 197, 221, 223, 230, 238, 242, 247]"
367,367,367,367,case_2367,28,"[24, 29, 41, 50, 53, 63, 70, 85, 97, 103, 113, 114, 116, 130, 146, 153, 155, 175, 176, 180, 188, 197, 221, 223, 230, 238, 242, 247]"
369,369,369,369,case_2369,28,"[24, 29, 41, 50, 53, 63, 70, 85, 97, 103, 113, 114, 116, 130, 146, 153, 155, 175, 176, 180, 188, 197, 221, 223, 230, 238, 242, 247]"
356,356,356,356,case_2356,28,"[24, 29, 41, 50, 53, 63, 70, 85, 97, 103, 113, 114, 116, 130, 146, 153, 155, 175, 176, 180, 188, 197, 221, 223, 230, 238, 242, 247]"
371,371,371,371,case_2371,28,"[24, 29, 41, 50, 53, 63, 70, 85, 97, 103, 113, 114, 116, 130, 146, 153, 155, 175, 176, 180, 188, 197, 221, 223, 230, 238, 242, 247]"
374,374,374,374,case_2374,28,"[24, 29, 41, 50, 53, 63, 70, 85, 97, 103, 113, 114, 116, 130, 146, 153, 155, 175, 176, 180, 188, 197, 221, 223, 230, 238, 242, 247]"
375,375,375,375,case_2375,28,"[24, 29, 41, 50, 53, 63, 70, 85, 97, 103, 113, 114, 116, 130, 146, 153, 155, 175, 176, 180, 188, 197, 221, 223, 230, 238, 242, 247]"
409,409,409,409,case_2409,28,"[24, 29, 41, 50, 53, 63, 70, 85, 97, 103, 113, 114, 116, 130, 146, 153, 155, 175, 176, 180, 188, 197, 221, 223, 230, 238, 242, 247]"
411,411,411,411,case_2411,28,"[24, 29, 41, 50, 53, 63, 70, 85, 97, 103, 113, 114, 116, 130, 146, 153, 155, 175, 176, 180, 188, 197, 221, 223, 230, 238, 242, 247]"
412,412,412,412,case_2412,28,"[24, 29, 41, 50, 53, 63, 70, 85, 97, 103, 113, 114, 116, 130, 146, 153, 155, 175, 176, 180, 188, 197, 221, 223, 230, 238, 242, 247]"
413,413,413,413,case_2413,28,"[24, 29, 41, 50, 53, 63, 70, 85, 97, 103, 113, 114, 116, 130, 146, 153, 155, 175, 176, 180, 188, 197, 221, 223, 230, 238, 242, 247]"
415,415,415,415,case_2415,28,"[24, 29, 41, 50, 53, 63, 70, 85, 97, 103, 113, 114, 116, 130, 146, 153, 155, 175, 176, 180, 188, 197, 221, 223, 230, 238, 242, 247]"
365,365,365,365,case_2365,28,"[24, 29, 41, 50, 53, 63, 70, 85, 97, 103, 113, 114, 116, 130, 146, 153, 155, 175, 176, 180, 188, 197, 221, 223, 230, 238, 242, 247]"
348,348,348,348,case_2348,28,"[24, 29, 41, 50, 53, 63, 70, 85, 97, 103, 113, 114, 116, 130, 146, 153, 155, 175, 176, 180, 188, 197, 221, 223, 230, 238, 242, 247]"
349,349,349,349,case_2349,28,"[24, 29, 41, 50, 53, 63, 70, 85, 97, 103, 113, 114, 116, 130, 146, 153, 155, 175, 176, 180, 188, 197, 221, 223, 230, 238, 242, 247]"
338,338,338,338,case_2338,28,"[24, 29, 41, 50, 53, 63, 70, 85, 97, 103, 113, 114, 116, 130, 146, 153, 155, 175, 176, 180, 188, 197, 221, 223, 230, 238, 242, 247]"
340,340,340,340,case_2340,28,"[24, 29, 41, 50, 53, 63, 70, 85, 97, 103, 113, 114, 116, 130, 146, 153, 155, 175, 176, 180, 188, 197, 221, 223, 230, 238, 242, 247]"
305,305,305,305,case_2305,28,"[24, 29, 41, 50, 53, 63, 70, 85, 97, 103, 113, 114, 116, 130, 146, 153, 155, 175, 176, 180, 188, 197, 221, 223, 230, 238, 242, 247]"
295,295,295,295,case_2295,28,"[24, 29, 41, 50, 53, 63, 70, 85, 97, 103, 113, 114, 116, 130, 146, 153, 155, 175, 176, 180, 188, 197, 221, 223, 230, 238, 242, 247]"
641,641,641,641,case_2641,28,"[24, 29, 41, 50, 53, 63, 70, 85, 97, 103, 113, 114, 116, 130, 146, 153, 155, 175, 176, 180, 188, 197, 221, 223, 230, 238, 242, 247]"
587,587,587,587,case_2587,28,"[24, 29, 41, 50, 53, 63, 70, 85, 97, 103, 113, 114, 116, 130, 146, 153, 155, 175, 176, 180, 188, 197, 221, 223, 230, 238, 242, 247]"
593,593,593,593,case_2593,28,"[24, 29, 41, 50, 53, 63, 70, 85, 97, 103, 113, 114, 116, 130, 146, 153, 155, 175, 176, 180, 188, 197, 221, 223, 230, 238, 242, 247]"
584,584,584,584,case_2584,28,"[24, 29, 41, 50, 53, 63, 70, 85, 97, 103, 113, 114, 116, 130, 146, 153, 155, 175, 176, 180, 188, 197, 221, 223, 230, 238, 242, 247]"
347,347,347,347,case_2347,28,"[24, 29, 41, 50, 53, 63, 70, 85, 97, 103, 113, 114, 116, 130, 146, 153, 155, 175, 176, 180, 188, 197, 221, 223, 230, 238, 242, 247]"
793,793,793,793,case_2793,28,"[24, 29, 41, 50, 53, 63, 70, 85, 97, 103, 113, 114, 116, 130, 146, 153, 155, 175, 176, 180, 188, 197, 221, 223, 230, 238, 242, 247]"
779,779,779,779,case_2779,28,"[24, 29, 41, 50, 53, 63, 70, 85, 97, 103, 113, 114, 116, 130, 146, 153, 155, 175, 176, 180, 188, 197, 221, 223, 230, 238, 242, 247]"
637,637,637,637,case_2637,28,"[24, 29, 41, 50, 53, 63, 70, 85, 97, 103, 113, 114, 116, 130, 146, 153, 155, 175, 176, 180, 188, 197, 221, 223, 230, 238, 242, 247]"
640,640,640,640,case_2640,28,"[24, 29, 41, 50, 53, 63, 70, 85, 97, 103, 113, 114, 116, 130, 146, 153, 155, 175, 176, 180, 188, 197, 221, 223, 230, 238, 242, 247]"
842,842,842,842,case_2842,28,"[24, 29, 41, 50, 53, 63, 70, 85, 97, 103, 113, 114, 116, 130, 146, 153, 155, 175, 176, 180, 188, 197, 221, 223, 230, 238, 242, 247]"
843,843,843,843,case_2843,28,"[24, 29, 41, 50, 53, 63, 70, 85, 97, 103, 113, 114, 116, 130, 146, 153, 155, 175, 176, 180, 188, 197, 221, 223, 230, 238, 242, 247]"
844,844,844,844,case_2844,28,"[24, 29, 41, 50, 53, 63, 70, 85, 97, 103, 113, 114, 116, 130, 146, 153, 155, 175, 176, 180, 188, 197, 221, 223, 230, 238, 242, 247]"
845,845,845,845,case_2845,28,"[24, 29, 41, 50, 53, 63, 70, 85, 97, 103, 113, 114, 116, 130, 146, 153, 155, 175, 176, 180, 188, 197, 221, 223, 230, 238, 242, 247]"
109,109,109,109,case_2109,28,"[24, 29, 41, 50, 53, 63, 70, 85, 97, 103, 113, 114, 116, 130, 146, 153, 155, 175, 176, 180, 188, 197, 221, 223, 230, 238, 242, 247]"
398,398,398,398,case_2398,28,"[24, 29, 41, 50, 53, 63, 70, 85, 97, 103, 113, 114, 116, 130, 146, 153, 155, 175, 176, 180, 188, 197, 221, 223, 230, 238, 242, 247]"
399,399,399,399,case_2399,28,"[24, 29, 41, 50, 53, 63, 70, 85, 97, 103, 113, 114, 116, 130, 146, 153, 155, 175, 176, 180, 188, 197, 221, 223, 230, 238, 242, 247]"
400,400,400,400,case_2400,28,"[24, 29, 41, 50, 53, 63, 70, 85, 97, 103, 113, 114, 116, 130, 146, 153, 155, 175, 176, 180, 188, 197, 221, 223, 230, 238, 242, 247]"
401,401,401,401,case_2401,28,"[24, 29, 41, 50, 53, 63, 70, 85, 97, 103, 113, 114, 116, 130, 146, 153, 155, 175, 176, 180, 188, 197, 221, 223, 230, 238, 242, 247]"
405,405,405,405,case_2405,28,"[24, 29, 41, 50, 53, 63, 70, 85, 97, 103, 113, 114, 116, 130, 146, 153, 155, 175, 176, 180, 188, 197, 221, 223, 230, 238, 242, 247]"
406,406,406,406,case_2406,28,"[24, 29, 41, 50, 53, 63, 70, 85, 97, 103, 113, 114, 116, 130, 146, 153, 155, 175, 176, 180, 188, 197, 221, 223, 230, 238, 242, 247]"
408,408,408,408,case_2408,28,"[24, 29, 41, 50, 53, 63, 70, 85, 97, 103, 113, 114, 116, 130, 146, 153, 155, 175, 176, 180, 188, 197, 221, 223, 230, 238, 242, 247]"
101,101,101,101,case_2101,28,"[24, 29, 41, 50, 53, 63, 70, 85, 97, 103, 113, 114, 116, 130, 146, 153, 155, 175, 176, 180, 188, 197, 221, 223, 230, 238, 242, 247]"
102,102,102,102,case_2102,28,"[24, 29, 41, 50, 53, 63, 70, 85, 97, 103, 113, 114, 116, 130, 146, 153, 155, 175, 176, 180, 188, 197, 221, 223, 230, 238, 242, 247]"
103,103,103,103,case_2103,28,"[24, 29, 41, 50, 53, 63, 70, 85, 97, 103, 113, 114, 116, 130, 146, 153, 155, 175, 176, 180, 188, 197, 221, 223, 230, 238, 242, 247]"
811,811,811,811,case_2811,28,"[24, 29, 41, 50, 53, 63, 70, 85, 97, 103, 113, 114, 116, 130, 146, 153, 155, 175, 176, 180, 188, 197, 221, 223, 230, 238, 242, 247]"
114,114,114,114,case_2114,28,"[24, 29, 41, 50, 53, 63, 70, 85, 97, 103, 113, 114, 116, 130, 146, 153, 155, 175, 176, 180, 188, 197, 221, 223, 230, 238, 242, 247]"
116,116,116,116,case_2116,28,"[24, 29, 41, 50, 53, 63, 70, 85, 97, 103, 113, 114, 116, 130, 146, 153, 155, 175, 176, 180, 188, 197, 221, 223, 230, 238, 242, 247]"
117,117,117,117,case_2117,28,"[24, 29, 41, 50, 53, 63, 70, 85, 97, 103, 113, 114, 116, 130, 146, 153, 155, 175, 176, 180, 188, 197, 221, 223, 230, 238, 242, 247]"
108,108,108,108,case_2108,28,"[24, 29, 41, 50, 53, 63, 70, 85, 97, 103, 113, 114, 116, 130, 146, 153, 155, 175, 176, 180, 188, 197, 221, 223, 230, 238, 242, 247]"
857,857,857,857,case_2857,28,"[24, 29, 41, 50, 53, 63, 70, 85, 97, 103, 113, 114, 116, 130, 146, 153, 155, 175, 176, 180, 188, 197, 221, 223, 230, 238, 242, 247]"
808,808,808,808,case_2808,28,"[24, 29, 41, 50, 53, 63, 70, 85, 97, 103, 113, 114, 116, 130, 146, 153, 155, 175, 176, 180, 188, 197, 221, 223, 230, 238, 242, 247]"
858,858,858,858,case_2858,28,"[24, 29, 41, 50, 53, 63, 70, 85, 97, 103, 113, 114, 116, 130, 146, 153, 155, 175, 176, 180, 188, 197, 221, 223, 230, 238, 242, 247]"
860,860,860,860,case_2860,28,"[24, 29, 41, 50, 53, 63, 70, 85, 97, 103, 113, 114, 116, 130, 146, 153, 155, 175, 176, 180, 188, 197, 221, 223, 230, 238, 242, 247]"
100,100,100,100,case_2100,28,"[24, 29, 41, 50, 53, 63, 70, 85, 97, 103, 113, 114, 116, 130, 146, 153, 155, 175, 176, 180, 188, 197, 221, 223, 230, 238, 242, 247]"
541,541,541,541,case_2541,28,"[24, 29, 41, 50, 53, 63, 70, 85, 97, 103, 113, 114, 116, 130, 146, 153, 155, 175, 176, 180, 188, 197, 221, 223, 230, 238, 242, 247]"
544,544,544,544,case_2544,28,"[24, 29, 41, 50, 53, 63, 70, 85, 97, 103, 113, 114, 116, 130, 146, 153, 155, 175, 176, 180, 188, 197, 221, 223, 230, 238, 242, 247]"
545,545,545,545,case_2545,28,"[24, 29, 41, 50, 53, 63, 70, 85, 97, 103, 113, 114, 116, 130, 146, 153, 155, 175, 176, 180, 188, 197, 221, 223, 230, 238, 242, 247]"
850,850,850,850,case_2850,28,"[24, 29, 41, 50, 53, 63, 70, 85, 97, 103, 113, 114, 116, 130, 146, 153, 155, 175, 176, 180, 188, 197, 221, 223, 230, 238, 242, 247]"
851,851,851,851,case_2851,28,"[24, 29, 41, 50, 53, 63, 70, 85, 97, 103, 113, 114, 116, 130, 146, 153, 155, 175, 176, 180, 188, 197, 221, 223, 230, 238, 242, 247]"
852,852,852,852,case_2852,28,"[24, 29, 41, 50, 53, 63, 70, 85, 97, 103, 113, 114, 116, 130, 146, 153, 155, 175, 176, 180, 188, 197, 221, 223, 230, 238, 242, 247]"
853,853,853,853,case_2853,28,"[24, 29, 41, 50, 53, 63, 70, 85, 97, 103, 113, 114, 116, 130, 146, 153, 155, 175, 176, 180, 188, 197, 221, 223, 230, 238, 242, 247]"
810,810,810,810,case_2810,28,"[24, 29, 41, 50, 53, 63, 70, 85, 97, 103, 113, 114, 116, 130, 146, 153, 155, 175, 176, 180, 188, 197, 221, 223, 230, 238, 242, 247]"
924,924,924,924,case_2924,28,"[24, 29, 41, 50, 53, 63, 70, 85, 97, 103, 113, 114, 116, 130, 146, 153, 155, 175, 176, 180, 188, 197, 221, 223, 230, 238, 242, 247]"
928,928,928,928,case_2928,28,"[24, 29, 41, 50, 53, 63, 70, 85, 97, 103, 113, 114, 116, 130, 146, 153, 155, 175, 176, 180, 188, 197, 221, 223, 230, 238, 242, 247]"
929,929,929,929,case_2929,28,"[24, 29, 41, 50, 53, 63, 70, 85, 97, 103, 113, 114, 116, 130, 146, 153, 155, 175, 176, 180, 188, 197, 221, 223, 230, 238, 242, 247]"
319,319,319,319,case_2319,28,"[24, 29, 41, 50, 53, 63, 70, 85, 97, 103, 113, 114, 116, 130, 146, 153, 155, 175, 176, 180, 188, 197, 221, 223, 230, 238, 242, 247]"
826,826,826,826,case_2826,28,"[24, 29, 41, 50, 53, 63, 70, 85, 97, 103, 113, 114, 116, 130, 146, 153, 155, 175, 176, 180, 188, 197, 221, 223, 230, 238, 242, 247]"
827,827,827,827,case_2827,28,"[24, 29, 41, 50, 53, 63, 70, 85, 97, 103, 113, 114, 116, 130, 146, 153, 155, 175, 176, 180, 188, 197, 221, 223, 230, 238, 242, 247]"
653,653,653,653,case_2653,28,"[24, 29, 41, 50, 53, 63, 85, 97, 103, 112, 113, 114, 116, 130, 146, 152, 153, 155, 175, 176, 180, 188, 204, 223, 230, 238, 242, 247]"
656,656,656,656,case_2656,28,"[24, 29, 41, 50, 53, 63, 70, 85, 97, 103, 113, 114, 116, 130, 146, 153, 155, 175, 176, 180, 188, 197, 221, 223, 230, 238, 242, 247]"
643,643,643,643,case_2643,28,"[24, 29, 41, 50, 53, 63, 70, 85, 97, 103, 113, 114, 116, 130, 146, 153, 155, 175, 176, 180, 188, 197, 221, 223, 230, 238, 242, 247]"
613,613,613,613,case_2613,28,"[24, 29, 41, 50, 53, 63, 70, 85, 97, 103, 113, 114, 116, 130, 146, 153, 155, 175, 176, 180, 188, 197, 221, 223, 230, 238, 242, 247]"
615,615,615,615,case_2615,28,"[24, 29, 41, 50, 53, 63, 70, 85, 97, 103, 113, 114, 116, 130, 146, 153, 155, 175, 176, 180, 188, 197, 221, 223, 230, 238, 242, 247]"
297,297,297,297,case_2297,28,"[24, 29, 41, 50, 53, 63, 70, 85, 97, 103, 113, 114, 116, 130, 146, 153, 155, 175, 176, 180, 188, 197, 221, 223, 230, 238, 242, 247]"
346,346,346,346,case_2346,28,"[24, 29, 41, 50, 53, 63, 70, 85, 97, 103, 113, 114, 116, 130, 146, 153, 155, 175, 176, 180, 188, 197, 221, 223, 230, 238, 242, 247]"
911,911,911,911,case_2911,28,"[24, 29, 41, 50, 53, 63, 70, 85, 97, 103, 113, 114, 116, 130, 146, 153, 155, 175, 176, 180, 188, 197, 221, 223, 230, 238, 242, 247]"
662,662,662,662,case_2662,28,"[24, 29, 41, 50, 53, 63, 70, 85, 97, 103, 113, 114, 116, 130, 146, 153, 155, 175, 176, 180, 188, 197, 221, 223, 230, 238, 242, 247]"
749,749,749,749,case_2749,28,"[24, 29, 41, 50, 53, 63, 70, 85, 97, 103, 113, 114, 116, 130, 146, 153, 155, 175, 176, 180, 188, 197, 221, 223, 230, 238, 242, 247]"
696,696,696,696,case_2696,28,"[24, 29, 41, 50, 53, 63, 70, 85, 97, 103, 113, 114, 116, 130, 146, 153, 155, 175, 176, 180, 188, 197, 221, 223, 230, 238, 242, 247]"
675,675,675,675,case_2675,28,"[24, 29, 41, 50, 53, 63, 70, 85, 97, 103, 113, 114, 116, 130, 146, 153, 155, 175, 176, 180, 188, 197, 221, 223, 230, 238, 242, 247]"
676,676,676,676,case_2676,28,"[24, 29, 41, 50, 53, 63, 70, 85, 97, 103, 113, 114, 116, 130, 146, 153, 155, 175, 176, 180, 188, 197, 221, 223, 230, 238, 242, 247]"
649,649,649,649,case_2649,28,"[24, 29, 41, 50, 53, 63, 70, 85, 97, 103, 113, 114, 116, 130, 146, 153, 155, 175, 176, 180, 188, 197, 221, 223, 230, 238, 242, 247]"
703,703,703,703,case_2703,28,"[24, 29, 41, 50, 53, 63, 70, 85, 97, 103, 113, 114, 116, 130, 146, 153, 155, 175, 176, 180, 188, 197, 221, 223, 230, 238, 242, 247]"
283,283,283,283,case_2283,28,"[24, 29, 41, 50, 53, 63, 70, 85, 97, 103, 113, 114, 116, 130, 146, 153, 155, 175, 176, 180, 188, 197, 221, 223, 230, 238, 242, 247]"
739,739,739,739,case_2739,28,"[24, 29, 41, 50, 53, 63, 70, 85, 97, 103, 113, 114, 116, 130, 146, 153, 155, 175, 176, 180, 188, 197, 221, 223, 230, 238, 242, 247]"
741,741,741,741,case_2741,28,"[24, 29, 41, 50, 53, 63, 70, 85, 97, 103, 113, 114, 116, 130, 146, 153, 155, 175, 176, 180, 188, 197, 221, 223, 230, 238, 242, 247]"
744,744,744,744,case_2744,28,"[24, 29, 41, 50, 53, 63, 70, 85, 97, 103, 113, 114, 116, 130, 146, 153, 155, 175, 176, 180, 188, 197, 221, 223, 230, 238, 242, 247]"
677,677,677,677,case_2677,28,"[24, 29, 41, 50, 53, 63, 70, 85, 97, 103, 113, 114, 116, 130, 146, 153, 155, 175, 176, 180, 188, 197, 221, 223, 230, 238, 242, 247]"
760,760,760,760,case_2760,28,"[24, 29, 41, 50, 53, 63, 70, 85, 97, 103, 113, 114, 116, 130, 146, 153, 155, 175, 176, 180, 188, 197, 221, 223, 230, 238, 242, 247]"
934,934,934,934,case_2934,28,"[24, 29, 41, 50, 53, 63, 70, 85, 97, 103, 113, 114, 116, 130, 146, 153, 155, 175, 176, 180, 188, 197, 221, 223, 230, 238, 242, 247]"
950,950,950,950,case_2950,28,"[24, 29, 41, 50, 53, 63, 70, 85, 97, 103, 113, 114, 116, 130, 146, 153, 155, 175, 176, 180, 188, 197, 221, 223, 230, 238, 242, 247]"
226,226,226,226,case_2226,28,"[24, 29, 41, 50, 53, 63, 70, 85, 97, 103, 113, 114, 116, 130, 146, 153, 155, 175, 176, 180, 188, 197, 221, 223, 230, 238, 242, 247]"
229,229,229,229,case_2229,28,"[24, 29, 41, 50, 53, 63, 70, 85, 97, 103, 113, 114, 116, 130, 146, 153, 155, 175, 176, 180, 188, 197, 221, 223, 230, 238, 242, 247]"
230,230,230,230,case_2230,28,"[24, 29, 41, 50, 53, 63, 70, 85, 97, 103, 113, 114, 116, 130, 146, 153, 155, 175, 176, 180, 188, 197, 221, 223, 230, 238, 242, 247]"
233,233,233,233,case_2233,28,"[24, 29, 41, 50, 53, 63, 70, 85, 97, 103, 113, 114, 116, 130, 146, 153, 155, 175, 176, 180, 188, 197, 221, 223, 230, 238, 242, 247]"
872,872,872,872,case_2872,28,"[24, 29, 41, 50, 53, 63, 70, 85, 97, 103, 113, 114, 116, 130, 146, 153, 155, 175, 176, 180, 188, 197, 221, 223, 230, 238, 242, 247]"
281,281,281,281,case_2281,28,"[24, 29, 41, 50, 53, 63, 70, 85, 97, 103, 113, 114, 116, 130, 146, 153, 155, 175, 176, 180, 188, 197, 221, 223, 230, 238, 242, 247]"
268,268,268,268,case_2268,28,"[24, 29, 41, 50, 53, 63, 70, 85, 97, 103, 113, 114, 116, 130, 146, 153, 155, 175, 176, 180, 188, 197, 221, 223, 230, 238, 242, 247]"
939,939,939,939,case_2939,28,"[24, 29, 41, 50, 53, 63, 70, 85, 97, 103, 113, 114, 116, 130, 146, 153, 155, 175, 176, 180, 188, 197, 221, 223, 230, 238, 242, 247]"
941,941,941,941,case_2941,28,"[24, 29, 41, 50, 53, 63, 70, 85, 97, 103, 113, 114, 116, 130, 146, 153, 155, 175, 176, 180, 188, 197, 221, 223, 230, 238, 242, 247]"
89,89,89,89,case_2089,28,"[24, 29, 41, 50, 53, 63, 70, 85, 97, 103, 113, 114, 116, 130, 146, 153, 155, 175, 176, 180, 188, 197, 221, 223, 230, 238, 242, 247]"
79,79,79,79,case_2079,28,"[24, 29, 41, 50, 53, 63, 70, 85, 97, 103, 113, 114, 116, 130, 146, 153, 155, 175, 176, 180, 188, 197, 221, 223, 230, 238, 242, 247]"
95,95,95,95,case_2095,28,"[24, 29, 41, 50, 53, 63, 70, 85, 97, 103, 113, 114, 116, 130, 146, 153, 155, 175, 176, 180, 188, 197, 221, 223, 230, 238, 242, 247]"
86,86,86,86,case_2086,28,"[24, 29, 41, 50, 53, 63, 70, 85, 97, 103, 113, 114, 116, 130, 146, 153, 155, 175, 176, 180, 188, 197, 221, 223, 230, 238, 242, 247]"
769,769,769,769,case_2769,28,"[24, 29, 41, 50, 53, 63, 70, 85, 97, 103, 113, 114, 116, 130, 146, 153, 155, 175, 176, 180, 188, 197, 221, 223, 230, 238, 242, 247]"
144,144,144,144,case_2144,28,"[24, 29, 41, 50, 53, 63, 70, 85, 97, 103, 113, 114, 116, 130, 146, 153, 155, 175, 176, 180, 188, 197, 221, 223, 230, 238, 242, 247]"
130,130,130,130,case_2130,28,"[24, 29, 41, 50, 53, 63, 70, 85, 97, 103, 113, 114, 116, 130, 146, 153, 155, 175, 176, 180, 188, 197, 221, 223, 230, 238, 242, 247]"
131,131,131,131,case_2131,28,"[24, 29, 41, 50, 53, 63, 70, 85, 97, 103, 113, 114, 116, 130, 146, 153, 155, 175, 176, 180, 188, 197, 221, 223, 230, 238, 242, 247]"
157,157,157,157,case_2157,28,"[24, 29, 41, 50, 53, 63, 70, 85, 97, 103, 113, 114, 116, 130, 146, 153, 155, 175, 176, 180, 188, 197, 221, 223, 230, 238, 242, 247]"
161,161,161,161,case_2161,28,"[24, 29, 41, 50, 53, 63, 70, 85, 97, 103, 113, 114, 116, 130, 146, 153, 155, 175, 176, 180, 188, 197, 221, 223, 230, 238, 242, 247]"
68,68,68,68,case_2068,28,"[24, 29, 41, 50, 53, 63, 70, 85, 97, 103, 113, 114, 116, 130, 146, 153, 155, 175, 176, 180, 188, 197, 221, 223, 230, 238, 242, 247]"
70,70,70,70,case_2070,28,"[24, 29, 41, 50, 53, 63, 70, 85, 97, 103, 113, 114, 116, 130, 146, 153, 155, 175, 176, 180, 188, 197, 221, 223, 230, 238, 242, 247]"
71,71,71,71,case_2071,28,"[24, 29, 41, 50, 53, 63, 70, 85, 97, 103, 113, 114, 116, 130, 146, 153, 155, 175, 176, 180, 188, 197, 221, 223, 230, 238, 242, 247]"
134,134,134,134,case_2134,28,"[24, 29, 41, 50, 53, 63, 70, 85, 97, 103, 113, 114, 116, 130, 146, 153, 155, 175, 176, 180, 188, 197, 221, 223, 230, 238, 242, 247]"
135,135,135,135,case_2135,28,"[24, 29, 41, 50, 53, 63, 70, 85, 97, 103, 113, 114, 116, 130, 146, 153, 155, 175, 176, 180, 188, 197, 221, 223, 230, 238, 242, 247]"
139,139,139,139,case_2139,28,"[24, 29, 41, 50, 53, 63, 70, 85, 97, 103, 113, 114, 116, 130, 146, 153, 155, 175, 176, 180, 188, 197, 221, 223, 230, 238, 242, 247]"
142,142,142,142,case_2142,28,"[24, 29, 41, 50, 53, 63, 70, 85, 97, 103, 113, 114, 116, 130, 146, 153, 155, 175, 176, 180, 188, 197, 221, 223, 230, 238, 242, 247]"
143,143,143,143,case_2143,28,"[24, 29, 41, 50, 53, 63, 70, 85, 97, 103, 113, 114, 116, 130, 146, 153, 155, 175, 176, 180, 188, 197, 221, 223, 230, 238, 242, 247]"
704,704,704,704,case_2704,28,"[24, 29, 41, 50, 53, 63, 70, 85, 97, 103, 113, 114, 116, 130, 146, 153, 155, 175, 176, 180, 188, 197, 221, 223, 230, 238, 242, 247]"
705,705,705,705,case_2705,28,"[24, 29, 41, 50, 53, 63, 70, 85, 97, 103, 113, 114, 116, 130, 146, 153, 155, 175, 176, 180, 188, 197, 221, 223, 230, 238, 242, 247]"
690,690,690,690,case_2690,28,"[24, 29, 41, 50, 53, 63, 70, 85, 97, 103, 113, 114, 116, 130, 146, 153, 155, 175, 176, 180, 188, 197, 221, 223, 230, 238, 242, 247]"
242,242,242,242,case_2242,28,"[24, 29, 41, 50, 53, 63, 70, 85, 97, 103, 113, 114, 116, 130, 146, 153, 155, 175, 176, 180, 188, 197, 221, 223, 230, 238, 242, 247]"
246,246,246,246,case_2246,28,"[24, 29, 41, 50, 53, 63, 70, 85, 97, 103, 113, 114, 116, 130, 146, 153, 155, 175, 176, 180, 188, 197, 221, 223, 230, 238, 242, 247]"
518,518,518,518,case_2518,28,"[24, 29, 41, 50, 53, 63, 70, 85, 97, 103, 113, 114, 116, 130, 146, 153, 155, 175, 176, 180, 188, 197, 221, 223, 230, 238, 242, 247]"
519,519,519,519,case_2519,28,"[24, 29, 41, 50, 53, 63, 70, 85, 97, 103, 113, 114, 116, 130, 146, 153, 155, 175, 176, 180, 188, 197, 221, 223, 230, 238, 242, 247]"
124,124,124,124,case_2124,28,"[24, 29, 41, 50, 53, 63, 70, 85, 97, 103, 113, 114, 116, 130, 146, 153, 155, 175, 176, 180, 188, 197, 221, 223, 230, 238, 242, 247]"
128,128,128,128,case_2128,28,"[24, 29, 41, 50, 53, 63, 70, 85, 97, 103, 113, 114, 116, 130, 146, 153, 155, 175, 176, 180, 188, 197, 221, 223, 230, 238, 242, 247]"
523,523,523,523,case_2523,28,"[24, 29, 41, 50, 53, 63, 70, 85, 97, 103, 113, 114, 116, 130, 146, 153, 155, 175, 176, 180, 188, 197, 221, 223, 230, 238, 242, 247]"
515,515,515,515,case_2515,28,"[24, 29, 41, 50, 53, 63, 70, 85, 97, 103, 113, 114, 116, 130, 146, 153, 155, 175, 176, 180, 188, 197, 221, 223, 230, 238, 242, 247]"
537,537,537,537,case_2537,28,"[24, 29, 41, 50, 53, 63, 70, 85, 97, 103, 113, 114, 116, 130, 146, 153, 155, 175, 176, 180, 188, 197, 221, 223, 230, 238, 242, 247]"
522,522,522,522,case_2522,28,"[24, 29, 41, 50, 53, 63, 70, 85, 97, 103, 113, 114, 116, 130, 146, 153, 155, 175, 176, 180, 188, 197, 221, 223, 230, 238, 242, 247]"
430,430,430,430,case_2430,28,"[24, 29, 41, 50, 53, 63, 70, 85, 97, 103, 113, 114, 116, 130, 146, 153, 155, 175, 176, 180, 188, 197, 221, 223, 230, 238, 242, 247]"
448,448,448,448,case_2448,28,"[24, 29, 41, 50, 53, 63, 70, 85, 97, 103, 113, 114, 116, 130, 146, 153, 155, 175, 176, 180, 188, 197, 221, 223, 230, 238, 242, 247]"
449,449,449,449,case_2449,28,"[24, 29, 41, 50, 53, 63, 70, 85, 97, 103, 113, 114, 116, 130, 146, 153, 155, 175, 176, 180, 188, 197, 221, 223, 230, 238, 242, 247]"
436,436,436,436,case_2436,28,"[24, 29, 41, 50, 53, 63, 70, 85, 97, 103, 113, 114, 116, 130, 146, 153, 155, 175, 176, 180, 188, 197, 221, 223, 230, 238, 242, 247]"
442,442,442,442,case_2442,28,"[24, 29, 41, 50, 53, 63, 70, 85, 97, 103, 113, 114, 116, 130, 146, 153, 155, 175, 176, 180, 188, 197, 221, 223, 230, 238, 242, 247]"
443,443,443,443,case_2443,28,"[24, 29, 41, 50, 53, 63, 70, 85, 97, 103, 113, 114, 116, 130, 146, 153, 155, 175, 176, 180, 188, 197, 221, 223, 230, 238, 242, 247]"
517,517,517,517,case_2517,28,"[24, 29, 41, 50, 53, 63, 70, 85, 97, 103, 113, 114, 116, 130, 146, 153, 155, 175, 176, 180, 188, 197, 221, 223, 230, 238, 242, 247]"
459,459,459,459,case_2459,28,"[24, 29, 41, 50, 53, 63, 70, 85, 97, 103, 113, 114, 116, 130, 146, 153, 155, 175, 176, 180, 188, 197, 221, 223, 230, 238, 242, 247]"
425,425,425,425,case_2425,28,"[24, 29, 41, 50, 53, 63, 70, 85, 97, 103, 113, 114, 116, 130, 146, 153, 155, 175, 176, 180, 188, 197, 221, 223, 230, 238, 242, 247]"
478,478,478,478,case_2478,28,"[24, 29, 41, 50, 53, 63, 70, 85, 97, 103, 113, 114, 116, 130, 146, 153, 155, 175, 176, 180, 188, 197, 221, 223, 230, 238, 242, 247]"
439,439,439,439,case_2439,28,"[24, 29, 41, 50, 53, 70, 85, 103, 112, 113, 114, 116, 130, 146, 152, 155, 175, 176, 180, 188, 197, 204, 221, 223, 230, 238, 242, 247]"
440,440,440,440,case_2440,28,"[24, 29, 41, 50, 53, 63, 70, 85, 97, 103, 113, 114, 116, 130, 146, 153, 155, 175, 176, 180, 188, 197, 221, 223, 230, 238, 242, 247]"
426,426,426,426,case_2426,28,"[24, 29, 41, 50, 53, 63, 70, 85, 97, 103, 113, 114, 116, 130, 146, 153, 155, 175, 176, 180, 188, 197, 221, 223, 230, 238, 242, 247]"
427,427,427,427,case_2427,28,"[24, 29, 41, 50, 53, 63, 70, 85, 97, 103, 113, 114, 116, 130, 146, 153, 155, 175, 176, 180, 188, 197, 221, 223, 230, 238, 242, 247]"
869,869,869,869,case_2869,28,"[24, 29, 41, 50, 53, 63, 70, 85, 97, 103, 113, 114, 116, 130, 146, 153, 155, 175, 176, 180, 188, 197, 221, 223, 230, 238, 242, 247]"
465,465,465,465,case_2465,28,"[24, 29, 41, 50, 53, 63, 70, 85, 97, 103, 113, 114, 116, 130, 146, 153, 155, 175, 176, 180, 188, 197, 221, 223, 230, 238, 242, 247]"
460,460,460,460,case_2460,28,"[24, 29, 41, 50, 53, 63, 70, 85, 97, 103, 113, 114, 116, 130, 146, 153, 155, 175, 176, 180, 188, 197, 221, 223, 230, 238, 242, 247]"
462,462,462,462,case_2462,28,"[24, 29, 41, 50, 53, 63, 70, 85, 97, 103, 113, 114, 116, 130, 146, 153, 155, 175, 176, 180, 188, 197, 221, 223, 230, 238, 242, 247]"
466,466,466,466,case_2466,28,"[24, 29, 41, 50, 53, 63, 70, 85, 97, 103, 113, 114, 116, 130, 146, 153, 155, 175, 176, 180, 188, 197, 221, 223, 230, 238, 242, 247]"
471,471,471,471,case_2471,28,"[24, 29, 41, 50, 53, 63, 70, 85, 97, 103, 113, 114, 116, 130, 146, 153, 155, 175, 176, 180, 188, 197, 221, 223, 230, 238, 242, 247]"
165,165,165,165,case_2165,28,"[24, 29, 41, 50, 53, 63, 70, 85, 97, 103, 113, 114, 116, 130, 146, 153, 155, 175, 176, 180, 188, 197, 221, 223, 230, 238, 242, 247]"
968,968,968,968,case_2968,28,"[24, 29, 41, 50, 53, 63, 70, 85, 97, 103, 113, 114, 116, 130, 146, 153, 155, 175, 176, 180, 188, 197, 221, 223, 230, 238, 242, 247]"
54,54,54,54,case_2054,28,"[24, 29, 41, 50, 53, 63, 70, 85, 97, 103, 113, 114, 116, 130, 146, 153, 155, 175, 176, 180, 188, 197, 221, 223, 230, 238, 242, 247]"
35,35,35,35,case_2035,28,"[24, 29, 41, 50, 53, 63, 70, 85, 97, 103, 113, 114, 116, 130, 146, 153, 155, 175, 176, 180, 188, 197, 221, 223, 230, 238, 242, 247]"
34,34,34,34,case_2034,28,"[24, 29, 41, 50, 53, 63, 70, 85, 97, 103, 113, 114, 116, 130, 146, 153, 155, 175, 176, 180, 188, 197, 221, 223, 230, 238, 242, 247]"
1028,1028,1028,1028,case_5334,28,"[24, 29, 41, 50, 53, 63, 70, 85, 97, 103, 113, 114, 116, 130, 146, 153, 155, 175, 176, 180, 188, 197, 221, 223, 230, 238, 242, 247]"
187,187,187,187,case_2187,28,"[24, 29, 41, 50, 53, 63, 70, 85, 97, 103, 113, 114, 116, 130, 146, 153, 155, 175, 176, 180, 188, 197, 221, 223, 230, 238, 242, 247]"
186,186,186,186,case_2186,28,"[24, 29, 41, 50, 53, 63, 70, 85, 97, 103, 113, 114, 116, 130, 146, 153, 155, 175, 176, 180, 188, 197, 221, 223, 230, 238, 242, 247]"
1,1,1,1,case_2001,28,"[24, 29, 41, 50, 53, 63, 70, 85, 97, 103, 113, 114, 116, 130, 146, 153, 155, 175, 176, 180, 188, 197, 221, 223, 230, 238, 242, 247]"
1034,1034,1034,1034,case_7380,28,"[24, 29, 41, 50, 53, 63, 70, 85, 97, 103, 113, 114, 116, 130, 146, 153, 155, 175, 176, 180, 188, 197, 221, 223, 230, 238, 242, 247]"
1013,1013,1013,1013,case_5104,28,"[24, 29, 41, 50, 53, 63, 70, 85, 97, 103, 113, 114, 116, 130, 146, 153, 155, 175, 176, 180, 188, 197, 221, 223, 230, 238, 242, 247]"
45,45,45,45,case_2045,28,"[24, 29, 41, 50, 53, 63, 70, 85, 97, 103, 113, 114, 116, 130, 146, 153, 155, 175, 176, 180, 188, 197, 221, 223, 230, 238, 242, 247]"
1031,1031,1031,1031,case_5353,29,"[24, 29, 41, 50, 53, 63, 70, 85, 97, 103, 112, 114, 116, 130, 146, 152, 153, 155, 175, 176, 180, 197, 204, 221, 223, 230, 238, 242, 247]"
36,36,36,36,case_2036,29,"[24, 29, 50, 53, 63, 70, 85, 97, 103, 112, 113, 114, 116, 130, 146, 152, 153, 155, 175, 176, 180, 188, 197, 204, 221, 223, 230, 242, 247]"
37,37,37,37,case_2037,29,"[24, 29, 41, 50, 53, 63, 70, 85, 97, 103, 112, 114, 116, 130, 146, 152, 153, 155, 175, 176, 180, 197, 204, 221, 223, 230, 238, 242, 247]"
38,38,38,38,case_2038,29,"[24, 29, 41, 50, 53, 63, 70, 85, 97, 103, 112, 114, 116, 130, 146, 152, 153, 155, 175, 176, 180, 197, 204, 221, 223, 230, 238, 242, 247]"
44,44,44,44,case_2044,29,"[24, 29, 41, 50, 53, 63, 70, 85, 97, 103, 112, 114, 116, 130, 146, 152, 153, 155, 175, 176, 180, 197, 204, 221, 223, 230, 238, 242, 247]"
39,39,39,39,case_2039,29,"[24, 29, 41, 50, 53, 63, 70, 85, 97, 103, 112, 114, 116, 130, 146, 152, 153, 155, 175, 176, 180, 197, 204, 221, 223, 230, 238, 242, 247]"
28,28,28,28,case_2028,29,"[24, 29, 50, 53, 63, 70, 85, 97, 103, 112, 113, 114, 116, 130, 146, 152, 153, 155, 175, 176, 180, 188, 197, 204, 221, 223, 230, 242, 247]"
20,20,20,20,case_2020,29,"[24, 29, 50, 53, 63, 70, 85, 97, 103, 112, 113, 114, 116, 130, 146, 152, 153, 155, 175, 176, 180, 188, 197, 204, 221, 223, 230, 242, 247]"
18,18,18,18,case_2018,29,"[24, 29, 50, 53, 63, 70, 85, 97, 103, 112, 113, 114, 116, 130, 146, 152, 153, 155, 175, 176, 180, 188, 197, 204, 221, 223, 230, 242, 247]"
732,732,732,732,case_2732,29,"[24, 29, 41, 50, 53, 63, 70, 85, 97, 103, 112, 114, 116, 130, 146, 152, 153, 155, 175, 176, 180, 197, 204, 221, 223, 230, 238, 242, 247]"
736,736,736,736,case_2736,29,"[24, 29, 41, 50, 53, 63, 70, 85, 97, 103, 112, 114, 116, 130, 146, 152, 153, 155, 175, 176, 180, 197, 204, 221, 223, 230, 238, 242, 247]"
763,763,763,763,case_2763,29,"[24, 29, 50, 53, 63, 70, 85, 97, 103, 112, 113, 114, 116, 130, 146, 152, 153, 155, 175, 176, 180, 188, 197, 204, 221, 223, 230, 242, 247]"
1005,1005,1005,1005,case_5016,29,"[24, 29, 41, 50, 53, 63, 70, 85, 97, 103, 112, 114, 116, 130, 146, 152, 153, 155, 175, 176, 180, 197, 204, 221, 223, 230, 238, 242, 247]"
1004,1004,1004,1004,case_5015,29,"[24, 29, 41, 50, 53, 63, 70, 85, 97, 103, 112, 114, 116, 130, 146, 152, 153, 155, 175, 176, 180, 197, 204, 221, 223, 230, 238, 242, 247]"
1002,1002,1002,1002,case_5013,29,"[24, 29, 41, 50, 53, 63, 70, 85, 97, 103, 112, 114, 116, 130, 146, 152, 153, 155, 175, 176, 180, 197, 204, 221, 223, 230, 238, 242, 247]"
997,997,997,997,case_2997,29,"[24, 29, 41, 50, 53, 63, 70, 85, 97, 103, 112, 114, 116, 130, 146, 152, 153, 155, 175, 176, 180, 197, 204, 221, 223, 230, 238, 242, 247]"
681,681,681,681,case_2681,29,"[24, 29, 50, 53, 63, 70, 85, 97, 103, 112, 113, 114, 116, 130, 146, 152, 153, 155, 175, 176, 180, 188, 197, 204, 221, 223, 230, 242, 247]"
733,733,733,733,case_2733,29,"[24, 29, 41, 50, 53, 63, 70, 85, 97, 103, 112, 114, 116, 130, 146, 152, 153, 155, 175, 176, 180, 197, 204, 221, 223, 230, 238, 242, 247]"
76,76,76,76,case_2076,29,"[24, 29, 41, 50, 53, 63, 70, 85, 97, 103, 112, 114, 116, 130, 146, 152, 153, 155, 175, 176, 180, 197, 204, 221, 223, 230, 238, 242, 247]"
722,722,722,722,case_2722,29,"[24, 29, 50, 53, 63, 70, 85, 97, 103, 112, 113, 114, 116, 130, 146, 152, 153, 155, 175, 176, 180, 188, 197, 204, 221, 223, 230, 242, 247]"
746,746,746,746,case_2746,29,"[24, 29, 41, 50, 53, 63, 70, 85, 97, 103, 112, 114, 116, 130, 146, 152, 153, 155, 175, 176, 180, 197, 204, 221, 223, 230, 238, 242, 247]"
691,691,691,691,case_2691,29,"[24, 29, 41, 50, 53, 63, 70, 85, 97, 103, 112, 114, 116, 130, 146, 152, 153, 155, 175, 176, 180, 197, 204, 221, 223, 230, 238, 242, 247]"
689,689,689,689,case_2689,29,"[24, 29, 50, 53, 63, 70, 85, 97, 103, 112, 113, 114, 116, 130, 146, 152, 153, 155, 175, 176, 180, 188, 197, 204, 221, 223, 230, 242, 247]"
748,748,748,748,case_2748,29,"[24, 29, 50, 53, 63, 70, 85, 97, 103, 112, 113, 114, 116, 130, 146, 152, 153, 155, 175, 176, 180, 188, 197, 204, 221, 223, 230, 242, 247]"
752,752,752,752,case_2752,29,"[24, 29, 41, 50, 53, 63, 70, 85, 97, 103, 112, 114, 116, 130, 146, 152, 153, 155, 175, 176, 180, 197, 204, 221, 223, 230, 238, 242, 247]"
740,740,740,740,case_2740,29,"[24, 29, 50, 53, 63, 70, 85, 97, 103, 112, 113, 114, 116, 130, 146, 152, 153, 155, 175, 176, 180, 188, 197, 204, 221, 223, 230, 242, 247]"
761,761,761,761,case_2761,29,"[24, 29, 41, 50, 53, 63, 70, 85, 97, 103, 112, 114, 116, 130, 146, 152, 153, 155, 175, 176, 180, 197, 204, 221, 223, 230, 238, 242, 247]"
796,796,796,796,case_2796,29,"[24, 29, 50, 53, 63, 70, 85, 97, 103, 112, 113, 114, 116, 130, 146, 152, 153, 155, 175, 176, 180, 188, 197, 204, 221, 223, 230, 242, 247]"
743,743,743,743,case_2743,29,"[24, 29, 41, 50, 53, 63, 70, 85, 97, 103, 112, 114, 116, 130, 146, 152, 153, 155, 175, 176, 180, 197, 204, 221, 223, 230, 238, 242, 247]"
742,742,742,742,case_2742,29,"[24, 29, 41, 50, 53, 63, 70, 85, 97, 103, 112, 114, 116, 130, 146, 152, 153, 155, 175, 176, 180, 197, 204, 221, 223, 230, 238, 242, 247]"
798,798,798,798,case_2798,29,"[24, 29, 50, 53, 63, 70, 85, 97, 103, 112, 113, 114, 116, 130, 146, 152, 153, 155, 175, 176, 180, 188, 197, 204, 221, 223, 230, 242, 247]"
92,92,92,92,case_2092,29,"[24, 29, 50, 53, 63, 70, 85, 97, 103, 112, 113, 114, 116, 130, 146, 152, 153, 155, 175, 176, 180, 188, 197, 204, 221, 223, 230, 242, 247]"
671,671,671,671,case_2671,29,"[24, 29, 50, 53, 63, 70, 85, 97, 103, 112, 113, 114, 116, 130, 146, 152, 153, 155, 175, 176, 180, 188, 197, 204, 221, 223, 230, 242, 247]"
625,625,625,625,case_2625,29,"[24, 29, 41, 50, 53, 63, 70, 85, 97, 103, 112, 114, 116, 130, 146, 152, 153, 155, 175, 176, 180, 197, 204, 221, 223, 230, 238, 242, 247]"
611,611,611,611,case_2611,29,"[24, 29, 50, 53, 63, 70, 85, 97, 103, 112, 113, 114, 116, 130, 146, 152, 153, 155, 175, 176, 180, 188, 197, 204, 221, 223, 230, 242, 247]"
657,657,657,657,case_2657,29,"[24, 29, 41, 50, 53, 63, 70, 85, 97, 103, 112, 114, 116, 130, 146, 152, 153, 155, 175, 176, 180, 197, 204, 221, 223, 230, 238, 242, 247]"
668,668,668,668,case_2668,29,"[24, 29, 50, 53, 63, 70, 85, 97, 103, 112, 113, 114, 116, 130, 146, 152, 153, 155, 175, 176, 180, 188, 197, 204, 221, 223, 230, 242, 247]"
650,650,650,650,case_2650,29,"[24, 29, 41, 50, 53, 63, 70, 85, 97, 103, 112, 114, 116, 130, 146, 152, 153, 155, 175, 176, 180, 197, 204, 221, 223, 230, 238, 242, 247]"
664,664,664,664,case_2664,29,"[24, 29, 41, 50, 53, 63, 70, 85, 97, 103, 112, 114, 116, 130, 146, 152, 153, 155, 175, 176, 180, 197, 204, 221, 223, 230, 238, 242, 247]"
663,663,663,663,case_2663,29,"[24, 29, 41, 50, 53, 63, 70, 85, 97, 103, 112, 114, 116, 130, 146, 152, 153, 155, 175, 176, 180, 197, 204, 221, 223, 230, 238, 242, 247]"
693,693,693,693,case_2693,29,"[24, 29, 41, 50, 53, 63, 70, 85, 97, 103, 112, 114, 116, 130, 146, 152, 153, 155, 175, 176, 180, 197, 204, 221, 223, 230, 238, 242, 247]"
642,642,642,642,case_2642,29,"[24, 29, 41, 50, 53, 63, 70, 85, 97, 103, 112, 114, 116, 130, 146, 152, 153, 155, 175, 176, 180, 197, 204, 221, 223, 230, 238, 242, 247]"
699,699,699,699,case_2699,29,"[24, 29, 41, 50, 53, 63, 70, 85, 97, 103, 112, 114, 116, 130, 146, 152, 153, 155, 175, 176, 180, 197, 204, 221, 223, 230, 238, 242, 247]"
698,698,698,698,case_2698,29,"[24, 29, 41, 50, 53, 63, 70, 85, 97, 103, 112, 114, 116, 130, 146, 152, 153, 155, 175, 176, 180, 197, 204, 221, 223, 230, 238, 242, 247]"
580,580,580,580,case_2580,29,"[24, 29, 41, 50, 53, 63, 70, 85, 97, 103, 112, 114, 116, 130, 146, 152, 153, 155, 175, 176, 180, 197, 204, 221, 223, 230, 238, 242, 247]"
556,556,556,556,case_2556,29,"[24, 29, 41, 50, 53, 63, 70, 85, 97, 103, 112, 114, 116, 130, 146, 152, 153, 155, 175, 176, 180, 197, 204, 221, 223, 230, 238, 242, 247]"
605,605,605,605,case_2605,29,"[24, 29, 50, 53, 63, 70, 85, 97, 103, 112, 113, 114, 116, 130, 146, 152, 153, 155, 175, 176, 180, 188, 197, 204, 221, 223, 230, 242, 247]"
569,569,569,569,case_2569,29,"[24, 29, 41, 50, 53, 63, 70, 85, 97, 103, 112, 114, 116, 130, 146, 152, 153, 155, 175, 176, 180, 197, 204, 221, 223, 230, 238, 242, 247]"
638,638,638,638,case_2638,29,"[24, 29, 41, 50, 53, 63, 70, 85, 97, 103, 112, 114, 116, 130, 146, 152, 153, 155, 175, 176, 180, 197, 204, 221, 223, 230, 238, 242, 247]"
578,578,578,578,case_2578,29,"[24, 29, 41, 50, 53, 63, 70, 85, 97, 103, 112, 114, 116, 130, 146, 152, 153, 155, 175, 176, 180, 197, 204, 221, 223, 230, 238, 242, 247]"
579,579,579,579,case_2579,29,"[24, 29, 41, 50, 53, 63, 70, 85, 97, 103, 112, 114, 116, 130, 146, 152, 153, 155, 175, 176, 180, 197, 204, 221, 223, 230, 238, 242, 247]"
634,634,634,634,case_2634,29,"[24, 29, 50, 53, 63, 70, 85, 97, 103, 112, 113, 114, 116, 130, 146, 152, 153, 155, 175, 176, 180, 188, 197, 204, 221, 223, 230, 242, 247]"
630,630,630,630,case_2630,29,"[24, 29, 41, 50, 53, 63, 70, 85, 97, 103, 112, 114, 116, 130, 146, 152, 153, 155, 175, 176, 180, 197, 204, 221, 223, 230, 238, 242, 247]"
628,628,628,628,case_2628,29,"[24, 29, 50, 53, 63, 70, 85, 97, 103, 112, 113, 114, 116, 130, 146, 152, 153, 155, 175, 176, 180, 188, 197, 204, 221, 223, 230, 242, 247]"
782,782,782,782,case_2782,29,"[24, 29, 41, 50, 53, 63, 70, 85, 97, 103, 112, 114, 116, 130, 146, 152, 153, 155, 175, 176, 180, 197, 204, 221, 223, 230, 238, 242, 247]"
770,770,770,770,case_2770,29,"[24, 29, 41, 50, 53, 63, 70, 85, 97, 103, 112, 114, 116, 130, 146, 152, 153, 155, 175, 176, 180, 197, 204, 221, 223, 230, 238, 242, 247]"
831,831,831,831,case_2831,29,"[24, 29, 41, 50, 53, 63, 70, 85, 97, 103, 112, 114, 116, 130, 146, 152, 153, 155, 175, 176, 180, 197, 204, 221, 223, 230, 238, 242, 247]"
829,829,829,829,case_2829,29,"[24, 29, 50, 53, 63, 70, 85, 97, 103, 112, 113, 114, 116, 130, 146, 152, 153, 155, 175, 176, 180, 188, 197, 204, 221, 223, 230, 242, 247]"
824,824,824,824,case_2824,29,"[24, 29, 41, 50, 53, 63, 70, 85, 97, 103, 112, 114, 116, 130, 146, 152, 153, 155, 175, 176, 180, 197, 204, 221, 223, 230, 238, 242, 247]"
823,823,823,823,case_2823,29,"[24, 29, 41, 50, 53, 63, 70, 85, 97, 103, 112, 114, 116, 130, 146, 152, 153, 155, 175, 176, 180, 197, 204, 221, 223, 230, 238, 242, 247]"
820,820,820,820,case_2820,29,"[24, 29, 41, 50, 53, 63, 70, 85, 97, 103, 112, 114, 116, 130, 146, 152, 153, 155, 175, 176, 180, 197, 204, 221, 223, 230, 238, 242, 247]"
818,818,818,818,case_2818,29,"[24, 29, 41, 50, 53, 63, 70, 85, 97, 103, 112, 114, 116, 130, 146, 152, 153, 155, 175, 176, 180, 197, 204, 221, 223, 230, 238, 242, 247]"
633,633,633,633,case_2633,29,"[24, 29, 50, 53, 63, 70, 85, 97, 103, 112, 113, 114, 116, 130, 146, 152, 153, 155, 175, 176, 180, 188, 197, 204, 221, 223, 230, 242, 247]"
612,612,612,612,case_2612,29,"[24, 29, 50, 53, 63, 70, 85, 97, 103, 112, 113, 114, 116, 130, 146, 152, 153, 155, 175, 176, 180, 188, 197, 204, 221, 223, 230, 242, 247]"
499,499,499,499,case_2499,29,"[24, 29, 41, 50, 53, 63, 70, 85, 97, 103, 112, 114, 116, 130, 146, 152, 153, 155, 175, 176, 180, 197, 204, 221, 223, 230, 238, 242, 247]"
496,496,496,496,case_2496,29,"[24, 29, 41, 50, 53, 63, 70, 85, 97, 103, 112, 114, 116, 130, 146, 152, 153, 155, 175, 176, 180, 197, 204, 221, 223, 230, 238, 242, 247]"
482,482,482,482,case_2482,29,"[24, 29, 41, 50, 53, 63, 70, 85, 97, 103, 112, 114, 116, 130, 146, 152, 153, 155, 175, 176, 180, 197, 204, 221, 223, 230, 238, 242, 247]"
484,484,484,484,case_2484,29,"[24, 29, 41, 50, 53, 63, 70, 85, 97, 103, 112, 114, 116, 130, 146, 152, 153, 155, 175, 176, 180, 197, 204, 221, 223, 230, 238, 242, 247]"
495,495,495,495,case_2495,29,"[24, 29, 41, 50, 53, 63, 70, 85, 97, 103, 112, 114, 116, 130, 146, 152, 153, 155, 175, 176, 180, 197, 204, 221, 223, 230, 238, 242, 247]"
521,521,521,521,case_2521,29,"[24, 29, 50, 53, 63, 70, 85, 97, 103, 112, 113, 114, 116, 130, 146, 152, 153, 155, 175, 176, 180, 188, 197, 204, 221, 223, 230, 242, 247]"
571,571,571,571,case_2571,29,"[24, 29, 41, 50, 53, 63, 70, 85, 97, 103, 112, 114, 116, 130, 146, 152, 153, 155, 175, 176, 180, 197, 204, 221, 223, 230, 238, 242, 247]"
570,570,570,570,case_2570,29,"[24, 29, 41, 50, 53, 63, 70, 85, 97, 103, 112, 114, 116, 130, 146, 152, 153, 155, 175, 176, 180, 197, 204, 221, 223, 230, 238, 242, 247]"
575,575,575,575,case_2575,29,"[24, 29, 41, 50, 53, 63, 70, 85, 97, 103, 112, 114, 116, 130, 146, 152, 153, 155, 175, 176, 180, 197, 204, 221, 223, 230, 238, 242, 247]"
494,494,494,494,case_2494,29,"[24, 29, 41, 50, 53, 63, 70, 85, 97, 103, 112, 114, 116, 130, 146, 152, 153, 155, 175, 176, 180, 197, 204, 221, 223, 230, 238, 242, 247]"
488,488,488,488,case_2488,29,"[24, 29, 41, 50, 53, 63, 70, 85, 97, 103, 112, 114, 116, 130, 146, 152, 153, 155, 175, 176, 180, 197, 204, 221, 223, 230, 238, 242, 247]"
486,486,486,486,case_2486,29,"[24, 29, 41, 50, 53, 63, 70, 85, 97, 103, 112, 114, 116, 130, 146, 152, 153, 155, 175, 176, 180, 197, 204, 221, 223, 230, 238, 242, 247]"
529,529,529,529,case_2529,29,"[24, 29, 50, 53, 63, 70, 85, 97, 103, 112, 113, 114, 116, 130, 146, 152, 153, 155, 175, 176, 180, 188, 197, 204, 221, 223, 230, 242, 247]"
105,105,105,105,case_2105,29,"[24, 29, 50, 53, 63, 70, 85, 97, 103, 112, 113, 114, 116, 130, 146, 152, 153, 155, 175, 176, 180, 188, 197, 204, 221, 223, 230, 242, 247]"
121,121,121,121,case_2121,29,"[24, 29, 50, 53, 63, 70, 85, 97, 103, 112, 113, 114, 116, 130, 146, 152, 153, 155, 175, 176, 180, 188, 197, 204, 221, 223, 230, 242, 247]"
865,865,865,865,case_2865,29,"[24, 29, 41, 50, 53, 63, 70, 85, 97, 103, 112, 114, 116, 130, 146, 152, 153, 155, 175, 176, 180, 197, 204, 221, 223, 230, 238, 242, 247]"
563,563,563,563,case_2563,29,"[24, 29, 41, 50, 53, 63, 70, 85, 97, 103, 112, 114, 116, 130, 146, 152, 153, 155, 175, 176, 180, 197, 204, 221, 223, 230, 238, 242, 247]"
561,561,561,561,case_2561,29,"[24, 29, 41, 50, 53, 63, 70, 85, 97, 103, 112, 114, 116, 130, 146, 152, 153, 155, 175, 176, 180, 197, 204, 221, 223, 230, 238, 242, 247]"
572,572,572,572,case_2572,29,"[24, 29, 41, 50, 53, 63, 70, 85, 97, 103, 112, 114, 116, 130, 146, 152, 153, 155, 175, 176, 180, 197, 204, 221, 223, 230, 238, 242, 247]"
574,574,574,574,case_2574,29,"[24, 29, 41, 50, 53, 63, 70, 85, 97, 103, 112, 114, 116, 130, 146, 152, 153, 155, 175, 176, 180, 197, 204, 221, 223, 230, 238, 242, 247]"
581,581,581,581,case_2581,29,"[24, 29, 41, 50, 53, 63, 70, 85, 97, 103, 112, 114, 116, 130, 146, 152, 153, 155, 175, 176, 180, 197, 204, 221, 223, 230, 238, 242, 247]"
606,606,606,606,case_2606,29,"[24, 29, 50, 53, 63, 70, 85, 97, 103, 112, 113, 114, 116, 130, 146, 152, 153, 155, 175, 176, 180, 188, 197, 204, 221, 223, 230, 242, 247]"
607,607,607,607,case_2607,29,"[24, 29, 50, 53, 63, 70, 85, 97, 103, 112, 113, 114, 116, 130, 146, 152, 153, 155, 175, 176, 180, 188, 197, 204, 221, 223, 230, 242, 247]"
609,609,609,609,case_2609,29,"[24, 29, 50, 53, 63, 70, 85, 97, 103, 112, 113, 114, 116, 130, 146, 152, 153, 155, 175, 176, 180, 188, 197, 204, 221, 223, 230, 242, 247]"
98,98,98,98,case_2098,29,"[24, 29, 50, 53, 63, 70, 85, 97, 103, 112, 113, 114, 116, 130, 146, 152, 153, 155, 175, 176, 180, 188, 197, 204, 221, 223, 230, 242, 247]"
806,806,806,806,case_2806,29,"[24, 29, 50, 53, 63, 70, 85, 97, 103, 112, 113, 114, 116, 130, 146, 152, 153, 155, 175, 176, 180, 188, 197, 204, 221, 223, 230, 242, 247]"
812,812,812,812,case_2812,29,"[24, 29, 41, 50, 53, 63, 70, 85, 97, 103, 112, 114, 116, 130, 146, 152, 153, 155, 175, 176, 180, 197, 204, 221, 223, 230, 238, 242, 247]"
312,312,312,312,case_2312,29,"[24, 29, 41, 50, 53, 63, 70, 85, 97, 103, 112, 114, 116, 130, 146, 152, 153, 155, 175, 176, 180, 197, 204, 221, 223, 230, 238, 242, 247]"
310,310,310,310,case_2310,29,"[24, 29, 41, 50, 53, 63, 70, 85, 97, 103, 112, 114, 116, 130, 146, 152, 153, 155, 175, 176, 180, 197, 204, 221, 223, 230, 238, 242, 247]"
309,309,309,309,case_2309,29,"[24, 29, 41, 50, 53, 63, 70, 85, 97, 103, 112, 114, 116, 130, 146, 152, 153, 155, 175, 176, 180, 197, 204, 221, 223, 230, 238, 242, 247]"
308,308,308,308,case_2308,29,"[24, 29, 41, 50, 53, 63, 70, 85, 97, 103, 112, 114, 116, 130, 146, 152, 153, 155, 175, 176, 180, 197, 204, 221, 223, 230, 238, 242, 247]"
316,316,316,316,case_2316,29,"[24, 29, 41, 50, 53, 63, 70, 85, 97, 103, 112, 114, 116, 130, 146, 152, 153, 155, 175, 176, 180, 197, 204, 221, 223, 230, 238, 242, 247]"
353,353,353,353,case_2353,29,"[24, 29, 41, 50, 53, 63, 70, 85, 97, 103, 112, 114, 116, 130, 146, 152, 153, 155, 175, 176, 180, 197, 204, 221, 223, 230, 238, 242, 247]"
290,290,290,290,case_2290,29,"[24, 29, 41, 50, 53, 63, 70, 85, 97, 103, 112, 114, 116, 130, 146, 152, 153, 155, 175, 176, 180, 197, 204, 221, 223, 230, 238, 242, 247]"
294,294,294,294,case_2294,29,"[24, 29, 50, 53, 63, 70, 85, 97, 103, 112, 113, 114, 116, 130, 146, 152, 153, 155, 175, 176, 180, 188, 197, 204, 221, 223, 230, 242, 247]"
296,296,296,296,case_2296,29,"[24, 29, 41, 50, 53, 63, 70, 85, 97, 103, 112, 114, 116, 130, 146, 152, 153, 155, 175, 176, 180, 197, 204, 221, 223, 230, 238, 242, 247]"
302,302,302,302,case_2302,29,"[24, 29, 41, 50, 53, 63, 70, 85, 97, 103, 112, 114, 116, 130, 146, 152, 153, 155, 175, 176, 180, 197, 204, 221, 223, 230, 238, 242, 247]"
303,303,303,303,case_2303,29,"[24, 29, 41, 50, 53, 63, 70, 85, 97, 103, 112, 114, 116, 130, 146, 152, 153, 155, 175, 176, 180, 197, 204, 221, 223, 230, 238, 242, 247]"
902,902,902,902,case_2902,29,"[24, 29, 50, 53, 63, 70, 85, 97, 103, 112, 113, 114, 116, 130, 146, 152, 153, 155, 175, 176, 180, 188, 197, 204, 221, 223, 230, 242, 247]"
370,370,370,370,case_2370,29,"[24, 29, 41, 50, 53, 63, 70, 85, 97, 103, 112, 114, 116, 130, 146, 152, 153, 155, 175, 176, 180, 197, 204, 221, 223, 230, 238, 242, 247]"
359,359,359,359,case_2359,29,"[24, 29, 41, 50, 53, 63, 70, 85, 97, 103, 112, 114, 116, 130, 146, 152, 153, 155, 175, 176, 180, 197, 204, 221, 223, 230, 238, 242, 247]"
377,377,377,377,case_2377,29,"[24, 29, 41, 50, 53, 63, 70, 85, 97, 103, 112, 114, 116, 130, 146, 152, 153, 155, 175, 176, 180, 197, 204, 221, 223, 230, 238, 242, 247]"
326,326,326,326,case_2326,29,"[24, 29, 41, 50, 53, 63, 70, 85, 97, 103, 112, 114, 116, 130, 146, 152, 153, 155, 175, 176, 180, 197, 204, 221, 223, 230, 238, 242, 247]"
358,358,358,358,case_2358,29,"[24, 29, 50, 53, 63, 70, 85, 97, 103, 112, 113, 114, 116, 130, 146, 152, 153, 155, 175, 176, 180, 188, 197, 204, 221, 223, 230, 242, 247]"
417,417,417,417,case_2417,29,"[24, 29, 41, 50, 53, 63, 70, 85, 97, 103, 112, 114, 116, 130, 146, 152, 153, 155, 175, 176, 180, 197, 204, 221, 223, 230, 238, 242, 247]"
357,357,357,357,case_2357,29,"[24, 29, 50, 53, 63, 70, 85, 97, 103, 112, 113, 114, 116, 130, 146, 152, 153, 155, 175, 176, 180, 188, 197, 204, 221, 223, 230, 242, 247]"
441,441,441,441,case_2441,29,"[24, 29, 50, 53, 63, 70, 85, 97, 103, 112, 113, 114, 116, 130, 146, 152, 153, 155, 175, 176, 180, 188, 197, 204, 221, 223, 230, 242, 247]"
331,331,331,331,case_2331,29,"[24, 29, 50, 53, 63, 70, 85, 97, 103, 112, 113, 114, 116, 130, 146, 152, 153, 155, 175, 176, 180, 188, 197, 204, 221, 223, 230, 242, 247]"
421,421,421,421,case_2421,29,"[24, 29, 41, 50, 53, 63, 70, 85, 97, 103, 112, 114, 116, 130, 146, 152, 153, 155, 175, 176, 180, 197, 204, 221, 223, 230, 238, 242, 247]"
418,418,418,418,case_2418,29,"[24, 29, 50, 53, 63, 70, 85, 97, 103, 112, 113, 114, 116, 130, 146, 152, 153, 155, 175, 176, 180, 188, 197, 204, 221, 223, 230, 242, 247]"
475,475,475,475,case_2475,29,"[24, 29, 50, 53, 63, 70, 85, 97, 103, 112, 113, 114, 116, 130, 146, 152, 153, 155, 175, 176, 180, 188, 197, 204, 221, 223, 230, 242, 247]"
433,433,433,433,case_2433,29,"[24, 29, 41, 50, 53, 63, 70, 85, 97, 103, 112, 114, 116, 130, 146, 152, 153, 155, 175, 176, 180, 197, 204, 221, 223, 230, 238, 242, 247]"
424,424,424,424,case_2424,29,"[24, 29, 41, 50, 53, 63, 70, 85, 97, 103, 112, 114, 116, 130, 146, 152, 153, 155, 175, 176, 180, 197, 204, 221, 223, 230, 238, 242, 247]"
423,423,423,423,case_2423,29,"[24, 29, 41, 50, 53, 63, 70, 85, 97, 103, 112, 114, 116, 130, 146, 152, 153, 155, 175, 176, 180, 197, 204, 221, 223, 230, 238, 242, 247]"
469,469,469,469,case_2469,29,"[24, 29, 41, 50, 53, 63, 70, 85, 97, 103, 112, 114, 116, 130, 146, 152, 153, 155, 175, 176, 180, 197, 204, 221, 223, 230, 238, 242, 247]"
474,474,474,474,case_2474,29,"[24, 29, 41, 50, 53, 63, 70, 85, 97, 103, 112, 114, 116, 130, 146, 152, 153, 155, 175, 176, 180, 197, 204, 221, 223, 230, 238, 242, 247]"
468,468,468,468,case_2468,29,"[24, 29, 50, 53, 63, 70, 85, 97, 103, 112, 113, 114, 116, 130, 146, 152, 153, 155, 175, 176, 180, 188, 197, 204, 221, 223, 230, 242, 247]"
479,479,479,479,case_2479,29,"[24, 29, 50, 53, 63, 70, 85, 97, 103, 112, 113, 114, 116, 130, 146, 152, 153, 155, 175, 176, 180, 188, 197, 204, 221, 223, 230, 242, 247]"
841,841,841,841,case_2841,29,"[24, 29, 50, 53, 63, 70, 85, 97, 103, 112, 113, 114, 116, 130, 146, 152, 153, 155, 175, 176, 180, 188, 197, 204, 221, 223, 230, 242, 247]"
464,464,464,464,case_2464,29,"[24, 29, 50, 53, 63, 70, 85, 97, 103, 112, 113, 114, 116, 130, 146, 152, 153, 155, 175, 176, 180, 188, 197, 204, 221, 223, 230, 242, 247]"
882,882,882,882,case_2882,29,"[24, 29, 41, 50, 53, 63, 70, 85, 97, 103, 112, 114, 116, 130, 146, 152, 153, 155, 175, 176, 180, 197, 204, 221, 223, 230, 238, 242, 247]"
867,867,867,867,case_2867,29,"[24, 29, 41, 50, 53, 63, 70, 85, 97, 103, 112, 114, 116, 130, 146, 152, 153, 155, 175, 176, 180, 197, 204, 221, 223, 230, 238, 242, 247]"
880,880,880,880,case_2880,29,"[24, 29, 41, 50, 53, 63, 70, 85, 97, 103, 112, 114, 116, 130, 146, 152, 153, 155, 175, 176, 180, 197, 204, 221, 223, 230, 238, 242, 247]"
879,879,879,879,case_2879,29,"[24, 29, 41, 50, 53, 63, 70, 85, 97, 103, 112, 114, 116, 130, 146, 152, 153, 155, 175, 176, 180, 197, 204, 221, 223, 230, 238, 242, 247]"
1023,1023,1023,1023,case_5316,29,"[24, 29, 50, 53, 63, 70, 85, 97, 103, 112, 113, 114, 116, 130, 146, 152, 153, 155, 175, 176, 180, 188, 197, 204, 221, 223, 230, 242, 247]"
13,13,13,13,case_2013,29,"[24, 29, 50, 53, 63, 70, 85, 97, 103, 112, 113, 114, 116, 130, 146, 152, 153, 155, 175, 176, 180, 188, 197, 204, 221, 223, 230, 242, 247]"
180,180,180,180,case_2180,29,"[24, 29, 41, 50, 53, 63, 70, 85, 97, 103, 112, 114, 116, 130, 146, 152, 153, 155, 175, 176, 180, 197, 204, 221, 223, 230, 238, 242, 247]"
6,6,6,6,case_2006,29,"[24, 29, 50, 53, 63, 70, 85, 97, 103, 112, 113, 114, 116, 130, 146, 152, 153, 155, 175, 176, 180, 188, 197, 204, 221, 223, 230, 242, 247]"
15,15,15,15,case_2015,29,"[24, 29, 41, 50, 53, 63, 70, 85, 97, 103, 112, 114, 116, 130, 146, 152, 153, 155, 175, 176, 180, 197, 204, 221, 223, 230, 238, 242, 247]"
1014,1014,1014,1014,case_5180,29,"[24, 29, 50, 53, 63, 70, 85, 97, 103, 112, 113, 114, 116, 130, 146, 152, 153, 155, 175, 176, 180, 188, 197, 204, 221, 223, 230, 242, 247]"
1038,1038,1038,1038,case_8041,29,"[24, 29, 50, 53, 63, 70, 85, 97, 103, 112, 113, 114, 116, 130, 146, 152, 153, 155, 175, 176, 180, 188, 197, 204, 221, 223, 230, 242, 247]"
178,178,178,178,case_2178,29,"[24, 29, 50, 53, 63, 70, 85, 97, 103, 112, 113, 114, 116, 130, 146, 152, 153, 155, 175, 176, 180, 188, 197, 204, 221, 223, 230, 242, 247]"
12,12,12,12,case_2012,29,"[24, 29, 41, 50, 53, 63, 70, 85, 97, 103, 112, 114, 116, 130, 146, 152, 153, 155, 175, 176, 180, 197, 204, 221, 223, 230, 238, 242, 247]"
1036,1036,1036,1036,case_7868,29,"[24, 29, 41, 50, 53, 63, 70, 85, 97, 103, 112, 114, 116, 130, 146, 152, 153, 155, 175, 176, 180, 197, 204, 221, 223, 230, 238, 242, 247]"
200,200,200,200,case_2200,29,"[24, 29, 41, 50, 53, 63, 70, 85, 97, 103, 112, 114, 116, 130, 146, 152, 153, 155, 175, 176, 180, 197, 204, 221, 223, 230, 238, 242, 247]"
198,198,198,198,case_2198,29,"[24, 29, 50, 53, 63, 70, 85, 97, 103, 112, 113, 114, 116, 130, 146, 152, 153, 155, 175, 176, 180, 188, 197, 204, 221, 223, 230, 242, 247]"
148,148,148,148,case_2148,29,"[24, 29, 50, 53, 63, 70, 85, 97, 103, 112, 113, 114, 116, 130, 146, 152, 153, 155, 175, 176, 180, 188, 197, 204, 221, 223, 230, 242, 247]"
249,249,249,249,case_2249,29,"[24, 29, 41, 50, 53, 63, 70, 85, 97, 103, 112, 114, 116, 130, 146, 152, 153, 155, 175, 176, 180, 197, 204, 221, 223, 230, 238, 242, 247]"
247,247,247,247,case_2247,29,"[24, 29, 41, 50, 53, 63, 70, 85, 97, 103, 112, 114, 116, 130, 146, 152, 153, 155, 175, 176, 180, 197, 204, 221, 223, 230, 238, 242, 247]"
244,244,244,244,case_2244,29,"[24, 29, 41, 50, 53, 63, 70, 85, 97, 103, 112, 114, 116, 130, 146, 152, 153, 155, 175, 176, 180, 197, 204, 221, 223, 230, 238, 242, 247]"
207,207,207,207,case_2207,29,"[24, 29, 41, 50, 53, 63, 70, 85, 97, 103, 112, 114, 116, 130, 146, 152, 153, 155, 175, 176, 180, 197, 204, 221, 223, 230, 238, 242, 247]"
208,208,208,208,case_2208,29,"[24, 29, 41, 50, 53, 63, 70, 85, 97, 103, 112, 114, 116, 130, 146, 152, 153, 155, 175, 176, 180, 197, 204, 221, 223, 230, 238, 242, 247]"
194,194,194,194,case_2194,29,"[24, 29, 41, 50, 53, 63, 70, 85, 97, 103, 112, 114, 116, 130, 146, 152, 153, 155, 175, 176, 180, 197, 204, 221, 223, 230, 238, 242, 247]"
213,213,213,213,case_2213,29,"[24, 29, 41, 50, 53, 63, 70, 85, 97, 103, 112, 114, 116, 130, 146, 152, 153, 155, 175, 176, 180, 197, 204, 221, 223, 230, 238, 242, 247]"
214,214,214,214,case_2214,29,"[24, 29, 41, 50, 53, 63, 70, 85, 97, 103, 112, 114, 116, 130, 146, 152, 153, 155, 175, 176, 180, 197, 204, 221, 223, 230, 238, 242, 247]"
169,169,169,169,case_2169,29,"[24, 29, 41, 50, 53, 63, 70, 85, 97, 103, 112, 114, 116, 130, 146, 152, 153, 155, 175, 176, 180, 197, 204, 221, 223, 230, 238, 242, 247]"
218,218,218,218,case_2218,29,"[24, 29, 50, 53, 63, 70, 85, 97, 103, 112, 113, 114, 116, 130, 146, 152, 153, 155, 175, 176, 180, 188, 197, 204, 221, 223, 230, 242, 247]"
205,205,205,205,case_2205,29,"[24, 29, 41, 50, 53, 63, 70, 85, 97, 103, 112, 114, 116, 130, 146, 152, 153, 155, 175, 176, 180, 197, 204, 221, 223, 230, 238, 242, 247]"
219,219,219,219,case_2219,29,"[24, 29, 41, 50, 53, 63, 70, 85, 97, 103, 112, 114, 116, 130, 146, 152, 153, 155, 175, 176, 180, 197, 204, 221, 223, 230, 238, 242, 247]"
179,179,179,179,case_2179,29,"[24, 29, 50, 53, 63, 70, 85, 97, 103, 112, 113, 114, 116, 130, 146, 152, 153, 155, 175, 176, 180, 188, 197, 204, 221, 223, 230, 242, 247]"
182,182,182,182,case_2182,29,"[24, 29, 41, 50, 53, 63, 70, 85, 97, 103, 112, 114, 116, 130, 146, 152, 153, 155, 175, 176, 180, 197, 204, 221, 223, 230, 238, 242, 247]"
183,183,183,183,case_2183,29,"[24, 29, 41, 50, 53, 63, 70, 85, 97, 103, 112, 114, 116, 130, 146, 152, 153, 155, 175, 176, 180, 197, 204, 221, 223, 230, 238, 242, 247]"
167,167,167,167,case_2167,29,"[24, 29, 50, 53, 63, 70, 85, 97, 103, 112, 113, 114, 116, 130, 146, 152, 153, 155, 175, 176, 180, 188, 197, 204, 221, 223, 230, 242, 247]"
173,173,173,173,case_2173,29,"[24, 29, 50, 53, 63, 70, 85, 97, 103, 112, 113, 114, 116, 130, 146, 152, 153, 155, 175, 176, 180, 188, 197, 204, 221, 223, 230, 242, 247]"
224,224,224,224,case_2224,29,"[24, 29, 41, 50, 53, 63, 70, 85, 97, 103, 112, 114, 116, 130, 146, 152, 153, 155, 175, 176, 180, 197, 204, 221, 223, 230, 238, 242, 247]"
223,223,223,223,case_2223,29,"[24, 29, 41, 50, 53, 63, 70, 85, 97, 103, 112, 114, 116, 130, 146, 152, 153, 155, 175, 176, 180, 197, 204, 221, 223, 230, 238, 242, 247]"
932,932,932,932,case_2932,29,"[24, 29, 41, 50, 53, 63, 70, 85, 97, 103, 112, 114, 116, 130, 146, 152, 153, 155, 175, 176, 180, 197, 204, 221, 223, 230, 238, 242, 247]"
258,258,258,258,case_2258,29,"[24, 29, 41, 50, 53, 63, 70, 85, 97, 103, 112, 114, 116, 130, 146, 152, 153, 155, 175, 176, 180, 197, 204, 221, 223, 230, 238, 242, 247]"
261,261,261,261,case_2261,29,"[24, 29, 41, 50, 53, 63, 70, 85, 97, 103, 112, 114, 116, 130, 146, 152, 153, 155, 175, 176, 180, 197, 204, 221, 223, 230, 238, 242, 247]"
267,267,267,267,case_2267,29,"[24, 29, 41, 50, 53, 63, 70, 85, 97, 103, 112, 114, 116, 130, 146, 152, 153, 155, 175, 176, 180, 197, 204, 221, 223, 230, 238, 242, 247]"
937,937,937,937,case_2937,29,"[24, 29, 41, 50, 53, 63, 70, 85, 97, 103, 112, 114, 116, 130, 146, 152, 153, 155, 175, 176, 180, 197, 204, 221, 223, 230, 238, 242, 247]"
263,263,263,263,case_2263,29,"[24, 29, 50, 53, 63, 70, 85, 97, 103, 112, 113, 114, 116, 130, 146, 152, 153, 155, 175, 176, 180, 188, 197, 204, 221, 223, 230, 242, 247]"
265,265,265,265,case_2265,29,"[24, 29, 41, 50, 53, 63, 70, 85, 97, 103, 112, 114, 116, 130, 146, 152, 153, 155, 175, 176, 180, 197, 204, 221, 223, 230, 238, 242, 247]"
907,907,907,907,case_2907,29,"[24, 29, 50, 53, 63, 70, 85, 97, 103, 112, 113, 114, 116, 130, 146, 152, 153, 155, 175, 176, 180, 188, 197, 204, 221, 223, 230, 242, 247]"
913,913,913,913,case_2913,29,"[24, 29, 41, 50, 53, 63, 70, 85, 97, 103, 112, 114, 116, 130, 146, 152, 153, 155, 175, 176, 180, 197, 204, 221, 223, 230, 238, 242, 247]"
908,908,908,908,case_2908,29,"[24, 29, 50, 53, 63, 70, 85, 97, 103, 112, 113, 114, 116, 130, 146, 152, 153, 155, 175, 176, 180, 188, 197, 204, 221, 223, 230, 242, 247]"
909,909,909,909,case_2909,29,"[24, 29, 50, 53, 63, 70, 85, 97, 103, 112, 113, 114, 116, 130, 146, 152, 153, 155, 175, 176, 180, 188, 197, 204, 221, 223, 230, 242, 247]"
910,910,910,910,case_2910,29,"[24, 29, 50, 53, 63, 70, 85, 97, 103, 112, 113, 114, 116, 130, 146, 152, 153, 155, 175, 176, 180, 188, 197, 204, 221, 223, 230, 242, 247]"
871,871,871,871,case_2871,29,"[24, 29, 41, 50, 53, 63, 70, 85, 97, 103, 112, 114, 116, 130, 146, 152, 153, 155, 175, 176, 180, 197, 204, 221, 223, 230, 238, 242, 247]"
918,918,918,918,case_2918,29,"[24, 29, 41, 50, 53, 63, 70, 85, 97, 103, 112, 114, 116, 130, 146, 152, 153, 155, 175, 176, 180, 197, 204, 221, 223, 230, 238, 242, 247]"
306,306,306,306,case_2306,29,"[24, 29, 50, 53, 63, 70, 85, 97, 103, 112, 113, 114, 116, 130, 146, 152, 153, 155, 175, 176, 180, 188, 197, 204, 221, 223, 230, 242, 247]"
307,307,307,307,case_2307,29,"[24, 29, 50, 53, 63, 70, 85, 97, 103, 112, 113, 114, 116, 130, 146, 152, 153, 155, 175, 176, 180, 188, 197, 204, 221, 223, 230, 242, 247]"
286,286,286,286,case_2286,29,"[24, 29, 41, 50, 53, 63, 70, 85, 97, 103, 112, 114, 116, 130, 146, 152, 153, 155, 175, 176, 180, 197, 204, 221, 223, 230, 238, 242, 247]"
289,289,289,289,case_2289,29,"[24, 29, 41, 50, 53, 63, 70, 85, 97, 103, 112, 114, 116, 130, 146, 152, 153, 155, 175, 176, 180, 197, 204, 221, 223, 230, 238, 242, 247]"
240,240,240,240,case_2240,29,"[24, 29, 41, 50, 53, 63, 70, 85, 97, 103, 112, 114, 116, 130, 146, 152, 153, 155, 175, 176, 180, 197, 204, 221, 223, 230, 238, 242, 247]"
239,239,239,239,case_2239,29,"[24, 29, 41, 50, 53, 63, 70, 85, 97, 103, 112, 114, 116, 130, 146, 152, 153, 155, 175, 176, 180, 197, 204, 221, 223, 230, 238, 242, 247]"
241,241,241,241,case_2241,29,"[24, 29, 50, 53, 63, 70, 85, 97, 103, 112, 113, 114, 116, 130, 146, 152, 153, 155, 175, 176, 180, 188, 197, 204, 221, 223, 230, 242, 247]"
315,315,315,315,case_2315,29,"[24, 29, 41, 50, 53, 63, 70, 85, 97, 103, 112, 114, 116, 130, 146, 152, 153, 155, 175, 176, 180, 197, 204, 221, 223, 230, 238, 242, 247]"
158,158,158,158,case_2158,29,"[24, 29, 50, 53, 63, 70, 85, 97, 103, 112, 113, 114, 116, 130, 146, 152, 153, 155, 175, 176, 180, 188, 197, 204, 221, 223, 230, 242, 247]"
228,228,228,228,case_2228,29,"[24, 29, 50, 53, 63, 70, 85, 97, 103, 112, 113, 114, 116, 130, 146, 152, 153, 155, 175, 176, 180, 188, 197, 204, 221, 223, 230, 242, 247]"
953,953,953,953,case_2953,29,"[24, 29, 50, 53, 63, 70, 85, 97, 103, 112, 113, 114, 116, 130, 146, 152, 153, 155, 175, 176, 180, 188, 197, 204, 221, 223, 230, 242, 247]"
957,957,957,957,case_2957,29,"[24, 29, 50, 53, 63, 70, 85, 97, 103, 112, 113, 114, 116, 130, 146, 152, 153, 155, 175, 176, 180, 188, 197, 204, 221, 223, 230, 242, 247]"
945,945,945,945,case_2945,29,"[24, 29, 41, 50, 53, 63, 70, 85, 97, 103, 112, 114, 116, 130, 146, 152, 153, 155, 175, 176, 180, 197, 204, 221, 223, 230, 238, 242, 247]"
734,734,734,734,case_2734,31,"[24, 29, 41, 50, 53, 63, 70, 85, 97, 103, 112, 113, 114, 116, 130, 146, 152, 153, 155, 175, 176, 180, 188, 197, 204, 221, 223, 230, 238, 242, 247]"
24,24,24,24,case_2024,31,"[24, 29, 41, 50, 53, 63, 70, 85, 97, 103, 112, 113, 114, 116, 130, 146, 152, 153, 155, 175, 176, 180, 188, 197, 204, 221, 223, 230, 238, 242, 247]"
1030,1030,1030,1030,case_5340,31,"[24, 29, 41, 50, 53, 63, 70, 85, 97, 103, 112, 113, 114, 116, 130, 146, 152, 153, 155, 175, 176, 180, 188, 197, 204, 221, 223, 230, 238, 242, 247]"
43,43,43,43,case_2043,31,"[24, 29, 41, 50, 53, 63, 70, 85, 97, 103, 112, 113, 114, 116, 130, 146, 152, 153, 155, 175, 176, 180, 188, 197, 204, 221, 223, 230, 238, 242, 247]"
49,49,49,49,case_2049,31,"[24, 29, 41, 50, 53, 63, 70, 85, 97, 103, 112, 113, 114, 116, 130, 146, 152, 153, 155, 175, 176, 180, 188, 197, 204, 221, 223, 230, 238, 242, 247]"
498,498,498,498,case_2498,31,"[24, 29, 41, 50, 53, 63, 70, 85, 97, 103, 112, 113, 114, 116, 130, 146, 152, 153, 155, 175, 176, 180, 188, 197, 204, 221, 223, 230, 238, 242, 247]"
483,483,483,483,case_2483,31,"[24, 29, 41, 50, 53, 63, 70, 85, 97, 103, 112, 113, 114, 116, 130, 146, 152, 153, 155, 175, 176, 180, 188, 197, 204, 221, 223, 230, 238, 242, 247]"
497,497,497,497,case_2497,31,"[24, 29, 41, 50, 53, 63, 70, 85, 97, 103, 112, 113, 114, 116, 130, 146, 152, 153, 155, 175, 176, 180, 188, 197, 204, 221, 223, 230, 238, 242, 247]"
493,493,493,493,case_2493,31,"[24, 29, 41, 50, 53, 63, 70, 85, 97, 103, 112, 113, 114, 116, 130, 146, 152, 153, 155, 175, 176, 180, 188, 197, 204, 221, 223, 230, 238, 242, 247]"
848,848,848,848,case_2848,31,"[24, 29, 41, 50, 53, 63, 70, 85, 97, 103, 112, 113, 114, 116, 130, 146, 152, 153, 155, 175, 176, 180, 188, 197, 204, 221, 223, 230, 238, 242, 247]"
863,863,863,863,case_2863,31,"[24, 29, 41, 50, 53, 63, 70, 85, 97, 103, 112, 113, 114, 116, 130, 146, 152, 153, 155, 175, 176, 180, 188, 197, 204, 221, 223, 230, 238, 242, 247]"
573,573,573,573,case_2573,31,"[24, 29, 41, 50, 53, 63, 70, 85, 97, 103, 112, 113, 114, 116, 130, 146, 152, 153, 155, 175, 176, 180, 188, 197, 204, 221, 223, 230, 238, 242, 247]"
577,577,577,577,case_2577,31,"[24, 29, 41, 50, 53, 63, 70, 85, 97, 103, 112, 113, 114, 116, 130, 146, 152, 153, 155, 175, 176, 180, 188, 197, 204, 221, 223, 230, 238, 242, 247]"
854,854,854,854,case_2854,31,"[24, 29, 41, 50, 53, 63, 70, 85, 97, 103, 112, 113, 114, 116, 130, 146, 152, 153, 155, 175, 176, 180, 188, 197, 204, 221, 223, 230, 238, 242, 247]"
815,815,815,815,case_2815,31,"[24, 29, 41, 50, 53, 63, 70, 85, 97, 103, 112, 113, 114, 116, 130, 146, 152, 153, 155, 175, 176, 180, 188, 197, 204, 221, 223, 230, 238, 242, 247]"
859,859,859,859,case_2859,31,"[24, 29, 41, 50, 53, 63, 70, 85, 97, 103, 112, 113, 114, 116, 130, 146, 152, 153, 155, 175, 176, 180, 188, 197, 204, 221, 223, 230, 238, 242, 247]"
635,635,635,635,case_2635,31,"[24, 29, 41, 50, 53, 63, 70, 85, 97, 103, 112, 113, 114, 116, 130, 146, 152, 153, 155, 175, 176, 180, 188, 197, 204, 221, 223, 230, 238, 242, 247]"
636,636,636,636,case_2636,31,"[24, 29, 41, 50, 53, 63, 70, 85, 97, 103, 112, 113, 114, 116, 130, 146, 152, 153, 155, 175, 176, 180, 188, 197, 204, 221, 223, 230, 238, 242, 247]"
583,583,583,583,case_2583,31,"[24, 29, 41, 50, 53, 63, 70, 85, 97, 103, 112, 113, 114, 116, 130, 146, 152, 153, 155, 175, 176, 180, 188, 197, 204, 221, 223, 230, 238, 242, 247]"
558,558,558,558,case_2558,31,"[24, 29, 41, 50, 53, 63, 70, 85, 97, 103, 112, 113, 114, 116, 130, 146, 152, 153, 155, 175, 176, 180, 188, 197, 204, 221, 223, 230, 238, 242, 247]"
564,564,564,564,case_2564,31,"[24, 29, 41, 50, 53, 63, 70, 85, 97, 103, 112, 113, 114, 116, 130, 146, 152, 153, 155, 175, 176, 180, 188, 197, 204, 221, 223, 230, 238, 242, 247]"
632,632,632,632,case_2632,31,"[24, 29, 41, 50, 53, 63, 70, 85, 97, 103, 112, 113, 114, 116, 130, 146, 152, 153, 155, 175, 176, 180, 188, 197, 204, 221, 223, 230, 238, 242, 247]"
730,730,730,730,case_2730,31,"[24, 29, 41, 50, 53, 63, 70, 85, 97, 103, 112, 113, 114, 116, 130, 146, 152, 153, 155, 175, 176, 180, 188, 197, 204, 221, 223, 230, 238, 242, 247]"
72,72,72,72,case_2072,31,"[24, 29, 41, 50, 53, 63, 70, 85, 97, 103, 112, 113, 114, 116, 130, 146, 152, 153, 155, 175, 176, 180, 188, 197, 204, 221, 223, 230, 238, 242, 247]"
706,706,706,706,case_2706,31,"[24, 29, 41, 50, 53, 63, 70, 85, 97, 103, 112, 113, 114, 116, 130, 146, 152, 153, 155, 175, 176, 180, 188, 197, 204, 221, 223, 230, 238, 242, 247]"
710,710,710,710,case_2710,31,"[24, 29, 41, 50, 53, 63, 70, 85, 97, 103, 112, 113, 114, 116, 130, 146, 152, 153, 155, 175, 176, 180, 188, 197, 204, 221, 223, 230, 238, 242, 247]"
30,30,30,30,case_2030,31,"[24, 29, 41, 50, 53, 63, 70, 85, 97, 103, 112, 113, 114, 116, 130, 146, 152, 153, 155, 175, 176, 180, 188, 197, 204, 221, 223, 230, 238, 242, 247]"
33,33,33,33,case_2033,31,"[24, 29, 41, 50, 53, 63, 70, 85, 97, 103, 112, 113, 114, 116, 130, 146, 152, 153, 155, 175, 176, 180, 188, 197, 204, 221, 223, 230, 238, 242, 247]"
996,996,996,996,case_2996,31,"[24, 29, 41, 50, 53, 63, 70, 85, 97, 103, 112, 113, 114, 116, 130, 146, 152, 153, 155, 175, 176, 180, 188, 197, 204, 221, 223, 230, 238, 242, 247]"
750,750,750,750,case_2750,31,"[24, 29, 41, 50, 53, 63, 70, 85, 97, 103, 112, 113, 114, 116, 130, 146, 152, 153, 155, 175, 176, 180, 188, 197, 204, 221, 223, 230, 238, 242, 247]"
801,801,801,801,case_2801,31,"[24, 29, 41, 50, 53, 63, 70, 85, 97, 103, 112, 113, 114, 116, 130, 146, 152, 153, 155, 175, 176, 180, 188, 197, 204, 221, 223, 230, 238, 242, 247]"
751,751,751,751,case_2751,31,"[24, 29, 41, 50, 53, 63, 70, 85, 97, 103, 112, 113, 114, 116, 130, 146, 152, 153, 155, 175, 176, 180, 188, 197, 204, 221, 223, 230, 238, 242, 247]"
655,655,655,655,case_2655,31,"[24, 29, 41, 50, 53, 63, 70, 85, 97, 103, 112, 113, 114, 116, 130, 146, 152, 153, 155, 175, 176, 180, 188, 197, 204, 221, 223, 230, 238, 242, 247]"
647,647,647,647,case_2647,31,"[24, 29, 41, 50, 53, 63, 70, 85, 97, 103, 112, 113, 114, 116, 130, 146, 152, 153, 155, 175, 176, 180, 188, 197, 204, 221, 223, 230, 238, 242, 247]"
646,646,646,646,case_2646,31,"[24, 29, 41, 50, 53, 63, 70, 85, 97, 103, 112, 113, 114, 116, 130, 146, 152, 153, 155, 175, 176, 180, 188, 197, 204, 221, 223, 230, 238, 242, 247]"
648,648,648,648,case_2648,31,"[24, 29, 41, 50, 53, 63, 70, 85, 97, 103, 112, 113, 114, 116, 130, 146, 152, 153, 155, 175, 176, 180, 188, 197, 204, 221, 223, 230, 238, 242, 247]"
669,669,669,669,case_2669,31,"[24, 29, 41, 50, 53, 63, 70, 85, 97, 103, 112, 113, 114, 116, 130, 146, 152, 153, 155, 175, 176, 180, 188, 197, 204, 221, 223, 230, 238, 242, 247]"
936,936,936,936,case_2936,31,"[24, 29, 41, 50, 53, 63, 70, 85, 97, 103, 112, 113, 114, 116, 130, 146, 152, 153, 155, 175, 176, 180, 188, 197, 204, 221, 223, 230, 238, 242, 247]"
933,933,933,933,case_2933,31,"[24, 29, 41, 50, 53, 63, 70, 85, 97, 103, 112, 113, 114, 116, 130, 146, 152, 153, 155, 175, 176, 180, 188, 197, 204, 221, 223, 230, 238, 242, 247]"
313,313,313,313,case_2313,31,"[24, 29, 41, 50, 53, 63, 70, 85, 97, 103, 112, 113, 114, 116, 130, 146, 152, 153, 155, 175, 176, 180, 188, 197, 204, 221, 223, 230, 238, 242, 247]"
445,445,445,445,case_2445,31,"[24, 29, 41, 50, 53, 63, 70, 85, 97, 103, 112, 113, 114, 116, 130, 146, 152, 153, 155, 175, 176, 180, 188, 197, 204, 221, 223, 230, 238, 242, 247]"
404,404,404,404,case_2404,31,"[24, 29, 41, 50, 53, 63, 70, 85, 97, 103, 112, 113, 114, 116, 130, 146, 152, 153, 155, 175, 176, 180, 188, 197, 204, 221, 223, 230, 238, 242, 247]"
368,368,368,368,case_2368,31,"[24, 29, 41, 50, 53, 63, 70, 85, 97, 103, 112, 113, 114, 116, 130, 146, 152, 153, 155, 175, 176, 180, 188, 197, 204, 221, 223, 230, 238, 242, 247]"
372,372,372,372,case_2372,31,"[24, 29, 41, 50, 53, 63, 70, 85, 97, 103, 112, 113, 114, 116, 130, 146, 152, 153, 155, 175, 176, 180, 188, 197, 204, 221, 223, 230, 238, 242, 247]"
352,352,352,352,case_2352,31,"[24, 29, 41, 50, 53, 63, 70, 85, 97, 103, 112, 113, 114, 116, 130, 146, 152, 153, 155, 175, 176, 180, 188, 197, 204, 221, 223, 230, 238, 242, 247]"
422,422,422,422,case_2422,31,"[24, 29, 41, 50, 53, 63, 70, 85, 97, 103, 112, 113, 114, 116, 130, 146, 152, 153, 155, 175, 176, 180, 188, 197, 204, 221, 223, 230, 238, 242, 247]"
870,870,870,870,case_2870,31,"[24, 29, 41, 50, 53, 63, 70, 85, 97, 103, 112, 113, 114, 116, 130, 146, 152, 153, 155, 175, 176, 180, 188, 197, 204, 221, 223, 230, 238, 242, 247]"
942,942,942,942,case_2942,31,"[24, 29, 41, 50, 53, 63, 70, 85, 97, 103, 112, 113, 114, 116, 130, 146, 152, 153, 155, 175, 176, 180, 188, 197, 204, 221, 223, 230, 238, 242, 247]"
938,938,938,938,case_2938,31,"[24, 29, 41, 50, 53, 63, 70, 85, 97, 103, 112, 113, 114, 116, 130, 146, 152, 153, 155, 175, 176, 180, 188, 197, 204, 221, 223, 230, 238, 242, 247]"
288,288,288,288,case_2288,31,"[24, 29, 41, 50, 53, 63, 70, 85, 97, 103, 112, 113, 114, 116, 130, 146, 152, 153, 155, 175, 176, 180, 188, 197, 204, 221, 223, 230, 238, 242, 247]"
931,931,931,931,case_2931,31,"[24, 29, 41, 50, 53, 63, 70, 85, 97, 103, 112, 113, 114, 116, 130, 146, 152, 153, 155, 175, 176, 180, 188, 197, 204, 221, 223, 230, 238, 242, 247]"
287,287,287,287,case_2287,31,"[24, 29, 41, 50, 53, 63, 70, 85, 97, 103, 112, 113, 114, 116, 130, 146, 152, 153, 155, 175, 176, 180, 188, 197, 204, 221, 223, 230, 238, 242, 247]"
943,943,943,943,case_2943,31,"[24, 29, 41, 50, 53, 63, 70, 85, 97, 103, 112, 113, 114, 116, 130, 146, 152, 153, 155, 175, 176, 180, 188, 197, 204, 221, 223, 230, 238, 242, 247]"
940,940,940,940,case_2940,31,"[24, 29, 41, 50, 53, 63, 70, 85, 97, 103, 112, 113, 114, 116, 130, 146, 152, 153, 155, 175, 176, 180, 188, 197, 204, 221, 223, 230, 238, 242, 247]"
17,17,17,17,case_2017,31,"[24, 29, 41, 50, 53, 63, 70, 85, 97, 103, 112, 113, 114, 116, 130, 146, 152, 153, 155, 175, 176, 180, 188, 197, 204, 221, 223, 230, 238, 242, 247]"
220,220,220,220,case_2220,31,"[24, 29, 41, 50, 53, 63, 70, 85, 97, 103, 112, 113, 114, 116, 130, 146, 152, 153, 155, 175, 176, 180, 188, 197, 204, 221, 223, 230, 238, 242, 247]"
964,964,964,964,case_2964,31,"[24, 29, 41, 50, 53, 63, 70, 85, 97, 103, 112, 113, 114, 116, 130, 146, 152, 153, 155, 175, 176, 180, 188, 197, 204, 221, 223, 230, 238, 242, 247]"
1037,1037,1037,1037,case_8039,31,"[24, 29, 41, 50, 53, 63, 70, 85, 97, 103, 112, 113, 114, 116, 130, 146, 152, 153, 155, 175, 176, 180, 188, 197, 204, 221, 223, 230, 238, 242, 247]"
